Workbook

Sheet ADVANCE
B1: November 5th, 2024
B2: ADVANCE TOTALS
B3: NAME OF OFFICE | C3: NAME OF PERSON VOTED FOR | D3: PARTY | E3: ALLODIUM | F3: BRYANT | G3: GETTYSBURG | H3: GRAHAM | I3: HAPPPY | J3: HILL CITY #1 | K3: HILL CITY #2 | L3: HILL CITY #3 | M3: HILL CITY TWP #71 | N3: HILL CITY TWP #72 | O3: NAME OF PERSON VOTED FOR | P3: PARTY | Q3: HILL CITY TWP #73 | R3: INDIANA | S3: MILLBROOK | T3: MORLAN | U3: NICODEMUS | V3: PIONEER | W3: SOLOMON | X3: WILDHORSE | Y3: TOTAL
B4: PRESIDENT AND VICE PRESIDENT | O4: PRESIDENT AND VICE PRESIDENT
C5: Trump/Vance | D5: Rep. | E5: 10 | F5: 31 | G5: 21 | H5: 11 | I5: 7 | J5: 24 | K5: 189 | L5: 57 | M5: 4 | N5: 22 | O5: Trump/Vance | P5: Rep. | Q5: 20 | R5: 3 | S5: 31 | T5: 13 | U5: 6 | V5: 10 | W5: 46 | X5: 44 | Y5: =SUM(E5:X5) -> 549
C6: Harris/Walz | D6: Dem. | E6: 0 | F6: 3 | G6: 1 | H6: 7 | I6: 8 | J6: 6 | K6: 57 | L6: 14 | M6: 0 | N6: 4 | O6: Harris/Walz | P6: Dem. | Q6: 2 | R6: 0 | S6: 6 | T6: 1 | U6: 7 | V6: 0 | W6: 6 | X6: 11 | Y6: =SUM(E6:X6) -> 133
C7: Kennedy Jr./Shanahan | D7: Indep. | E7: 0 | F7: 0 | G7: 1 | H7: 0 | I7: 0 | J7: 2 | K7: 8 | L7: 1 | M7: 0 | N7: 0 | O7: Kennedy Jr./Shanahan | P7: Indep. | Q7: 0 | R7: 1 | S7: 0 | T7: 0 | U7: 0 | V7: 0 | W7: 1 | X7: 0 | Y7: =SUM(E7:X7) -> 14
C8: Oliver/ ter Maat | D8: Lib. | E8: 0 | F8: 0 | G8: 0 | H8: 0 | I8: 0 | J8: 0 | K8: 0 | L8: 0 | M8: 0 | N8: 0 | O8: Oliver/ ter Maat | P8: Lib. | Q8: 0 | R8: 0 | S8: 0 | T8: 0 | U8: 0 | V8: 0 | W8: 0 | X8: 0 | Y8: =SUM(E8:X8) -> 0
B9: UNITED STATES REPRESENTATIVE 1ST DISTRICT | O9: UNITED STATES REPRESENTATIVE 1ST DISTRICT
C10: Paul Buskirk | D10: Dem. | E10: 0 | F10: 2 | G10: 2 | H10: 7 | I10: 6 | J10: 4 | K10: 42 | L10: 11 | M10: 0 | N10: 0 | O10: Paul Buskirk | P10: Dem. | Q10: 0 | R10: 0 | S10: 4 | T10: 0 | U10: 6 | V10: 0 | W10: 4 | X10: 7 | Y10: =SUM(E10:X10) -> 95
C11: Tracey Mann | D11: Rep. | E11: 10 | F11: 32 | G11: 22 | H11: 10 | I11: 9 | J11: 25 | K11: 186 | L11: 56 | M11: 4 | N11: 27 | O11: Tracey Mann | P11: Rep. | Q11: 22 | R11: 4 | S11: 32 | T11: 14 | U11: 7 | V11: 8 | W11: 49 | X11: 48 | Y11: =SUM(E11:X11) -> 565
B13: STATE SENATOR 40TH DISTRICT | O13: STATE SENATOR 40TH DISTRICT
C14: Richard (Rick) Billinger | D14: Rep. | E14: 10 | F14: 32 | G14: 22 | H14: 13 | I14: 13 | J14: 23 | K14: 204 | L14: 55 | M14: 4 | N14: 26 | O14: Richard (Rick) Billinger | P14: Rep. | Q14: 22 | R14: 3 | S14: 36 | T14: 14 | U14: 12 | V14: 9 | W14: 48 | X14: 49 | Y14: =SUM(E14:X14) -> 595
B15: STATE REPRESENTATIVE 110TH DISTRICT | O15: STATE REPRESENTATIVE 110TH DISTRICT
C16: ellace Henderson | D16: Dem. | E16: 0 | F16: 5 | G16: 3 | H16: 6 | I16: 7 | J16: 8 | K16: 47 | L16: 13 | M16: 0 | N16: 0 | O16: ellace Henderson | P16: Dem. | Q16: 0 | R16: 1 | S16: 5 | T16: 0 | U16: 6 | V16: 1 | W16: 6 | X16: 6 | Y16: =SUM(E16:X16) -> 114
C17: Ken Rahjes | D17: Rep. | E17: 10 | F17: 26 | G17: 21 | H17: 11 | I17: 8 | J17: 21 | K17: 175 | L17: 46 | M17: 4 | N17: 27 | O17: Ken Rahjes | P17: Rep. | Q17: 21 | R17: 3 | S17: 31 | T17: 14 | U17: 7 | V17: 7 | W17: 46 | X17: 47 | Y17: =SUM(E17:X17) -> 525
B18: DISTRICT COURT JUDGE 17TH DISTRICT 1ST DIVISION | O18: DISTRICT COURT JUDGE 17TH DISTRICT 1ST DIVISION
C19: Jesse A. Thompson | D19: Rep. | E19: 9 | F19: 32 | G19: 23 | H19: 14 | I19: 12 | J19: 25 | K19: 198 | L19: 61 | M19: 1 | N19: 25 | O19: Jesse A. Thompson | P19: Rep. | Q19: 20 | R19: 3 | S19: 35 | T19: 12 | U19: 11 | V19: 8 | W19: 46 | X19: 51 | Y19: =SUM(E19:X19) -> 586
B21: DISTRICT COURT JUDGE 17TH DISTRICT 2ND DIVISION | O21: DISTRICT COURT JUDGE 17TH DISTRICT 2ND DIVISION
C22: Paula D. Hofaker | D22: Rep. | E22: 10 | F22: 31 | G22: 21 | H22: 14 | I22: 10 | J22: 22 | K22: 189 | L22: 56 | M22: 3 | N22: 26 | O22: Paula D. Hofaker | P22: Rep. | Q22: 21 | R22: 4 | S22: 35 | T22: 13 | U22: 11 | V22: 6 | W22: 46 | X22: 50 | Y22: =SUM(E22:X22) -> 568
B23: DISTRICT MAGISTRATE JUDGE 17TH DISTRICT 1ST POSITION | O23: DISTRICT MAGISTRATE JUDGE 17TH DISTRICT 1ST POSITION
C24: Morgan Nutting | D24: Rep. | E24: 9 | F24: 31 | G24: 22 | H24: 13 | I24: 10 | J24: 28 | K24: 208 | L24: 63 | M24: 4 | N24: 23 | O24: Morgan Nutting | P24: Rep. | Q24: 20 | R24: 3 | S24: 32 | T24: 10 | U24: 10 | V24: 9 | W24: 46 | X24: 49 | Y24: =SUM(E24:X24) -> 590
B33: NAME OF OFFICE | C33: NAME OF PERSON VOTED FOR | D33: PARTY | E33: ALLODIUM | F33: BRYANT | G33: GETTYSBURG | H33: GRAHAM | I33: HAPPPY | J33: HILL CITY #1 | K33: HILL CITY #2 | L33: HILL CITY #3 | M33: HILL CITY TWP #71 | N33: HILL CITY TWP #72 | O33: NAME OF PERSON VOTED FOR | P33: PARTY | Q33: HILL CITY TWP #73 | R33: INDIANA | S33: MILLBROOK | T33: MORLAN | U33: NICODEMUS | V33: PIONEER | W33: SOLOMON | X33: WILDHORSE | Y33: TOTAL
B34: COUNTY COMMISSIONER 2ND DISTRICT | O34: COUNTY COMMISSIONER 2ND DISTRICT
C35: Jason Nelson | D35: Rep | E35: 0 | F35: 0 | G35: 0 | H35: 17 | I35: 0 | J35: 0 | K35: 182 | L35: 0 | M35: 0 | N35: 22 | O35: Jason Nelson | P35: Rep | Q35: 0 | R35: 0 | S35: 0 | T35: 0 | U35: 11 | V35: 10 | W35: 0 | X35: 0 | Y35: =E35+F35+G35+H35+I35+J35+K35+L35+M35+N35+Q35+R35+S35+T35+U35+V35+W35+X35 -> 242
Y36: =E36+F36+G36+H36+I36+J36+K36+L36+M36+N36+Q36+R36+S36+T36+U36+V36+W36+X36 -> 0
B37: COUNTY COMMISSIONER 3RD DISTRICT | O37: COUNTY COMMISSIONER 3RD DISTRICT
C38: Dan Irby | D38: Rep | E38: 0 | F38: 0 | G38: 0 | H38: 0 | I38: 16 | J38: 0 | K38: 0 | L38: 62 | M38: 0 | N38: 0 | O38: Dan Irby | P38: Rep | Q38: 19 | R38: 0 | S38: 34 | T38: 14 | U38: 0 | V38: 0 | W38: 0 | X38: 52 | Y38: =E38+F38+G38+H38+I38+J38+K38+L38+M38+N38+Q38+R38+S38+T38+U38+V38+W38+X38 -> 197
Y39: =E39+F39+G39+H39+I39+J39+K39+L39+M39+N39+Q39+R39+S39+T39+U39+V39+W39+X39 -> 0
B40: COUNTY CLERK | O40: COUNTY CLERK
C41: Kendra Robinson | D41: Rep. | E41: 10 | F41: 33 | G41: 21 | H41: 13 | I41: 14 | J41: 28 | K41: 208 | L41: 54 | M41: 2 | N41: 27 | O41: Kendra Robinson | P41: Rep. | Q41: 21 | R41: 3 | S41: 36 | T41: 13 | U41: 11 | V41: 8 | W41: 50 | X41: 54 | Y41: =E41+F41+G41+H41+I41+J41+K41+L41+M41+N41+Q41+R41+S41+T41+U41+V41+W41+X41 -> 606
B42: COUNTY TREASURER | O42: COUNTY TREASURER
C43: Jerilyn Keith | D43: Rep | E43: 10 | F43: 31 | G43: 23 | H43: 16 | I43: 14 | J43: 27 | K43: 211 | L43: 61 | M43: 3 | N43: 27 | O43: Jerilyn Keith | P43: Rep | Q43: 19 | R43: 4 | S43: 37 | T43: 13 | U43: 12 | V43: 9 | W43: 48 | X43: 52 | Y43: =E43+F43+G43+H43+I43+J43+K43+L43+M43+N43+Q43+R43+S43+T43+U43+V43+W43+X43 -> 617
Y44: =E44+F44+G44+H44+I44+J44+K44+L44+M44+N44+Q44+R44+S44+T44+U44+V44+W44+X44 -> 0
B45: COUNTY REGISTER OF DEEDS | O45: COUNTY REGISTER OF DEEDS
C46: Dani Roeder | D46: Rep | E46: 7 | F46: 26 | G46: 18 | H46: 12 | I46: 11 | J46: 18 | K46: 177 | L46: 45 | M46: 0 | N46: 7 | O46: Dani Roeder | P46: Rep | Q46: 19 | R46: 2 | S46: 24 | T46: 14 | U46: 12 | V46: 3 | W46: 32 | X46: 46 | Y46: =E46+F46+G46+H46+I46+J46+K46+L46+M46+N46+Q46+R46+S46+T46+U46+V46+W46+X46 -> 473
C47: Kelli VanLoenen Write-In | D47: Rep | E47: 3 | F47: 3 | G47: 5 | H47: 4 | I47: 4 | J47: 14 | K47: 42 | L47: 17 | M47: 4 | N47: 17 | O47: Kelli VanLoenen Write-In | P47: Rep | Q47: 2 | R47: 1 | S47: 12 | T47: 0 | U47: 1 | V47: 5 | W47: 16 | X47: 6 | Y47: =E47+F47+G47+H47+I47+J47+K47+L47+M47+N47+Q47+R47+S47+T47+U47+V47+W47+X47 -> 156
B48: COUNTY ATTORNEY | O48: COUNTY ATTORNEY
C49: Michael Abbott | D49: Rep | E49: 10 | F49: 31 | G49: 21 | H49: 15 | I49: 8 | J49: 25 | K49: 192 | L49: 52 | M49: 2 | N49: 25 | O49: Michael Abbott | P49: Rep | Q49: 20 | R49: 3 | S49: 34 | T49: 12 | U49: 12 | V49: 6 | W49: 48 | X49: 48 | Y49: =E49+F49+G49+H49+I49+J49+K49+L49+M49+N49+Q49+R49+S49+T49+U49+V49+W49+X49 -> 564
B50: COUNTY SHERIFF | O50: COUNTY SHERIFF
C51: Les Burton | D51: Rep | E51: 9 | F51: 32 | G51: 18 | H51: 14 | I51: 12 | J51: 24 | K51: 177 | L51: 52 | M51: 2 | N51: 27 | O51: Les Burton | P51: Rep | Q51: 19 | R51: 3 | S51: 34 | T51: 9 | U51: 11 | V51: 9 | W51: 44 | X51: 45 | Y51: =E51+F51+G51+H51+I51+J51+K51+L51+M51+N51+Q51+R51+S51+T51+U51+V51+W51+X51 -> 541
Y52: =E52+F52+G52+H52+I52+J52+K52+L52+M52+N52+Q52+R52+S52+T52+U52+V52+W52+X52 -> 0
B59: NAME OF OFFICE | C59: NAME OF PERSON VOTED FOR | D59: PARTY | E59: ALLODIUM | F59: BRYANT | G59: GETTYSBURG | H59: GRAHAM | I59: HAPPPY | J59: HILL CITY #1 | K59: HILL CITY #2 | L59: HILL CITY #3 | M59: HILL CITY TWP #71 | N59: HILL CITY TWP #72 | O59: NAME OF PERSON VOTED FOR | P59: PARTY | Q59: HILL CITY TWP #73 | R59: INDIANA | S59: MILLBROOK | T59: MORLAN | U59: NICODEMUS | V59: PIONEER | W59: SOLOMON | X59: WILDHORSE | Y59: TOTAL
B60: TOWNSHIP TRUSTEE | O60: TOWNSHIP TRUSTEE
B61: Allodium Township | O61: Allodium Township
C62: Deborah Jackson | D62: Rep. | E62: 9 | F62: 0 | G62: 0 | H62: 0 | I62: 0 | J62: 0 | K62: 0 | L62: 0 | M62: 0 | N62: 0 | O62: Deborah Jackson | P62: Rep. | Q62: 0 | R62: 0 | S62: 0 | T62: 0 | U62: 0 | V62: 0 | W62: 0 | X62: 0 | Y62: =E62+F62+G62+H62+I62+J62+K62+L62+M62+N62+Q62+R62+S62+T62+U62+V62+W62+X62 -> 9
Y63: =E63+F63+G63+H63+I63+J63+K63+L63+M63+N63+Q63+R63+S63+T63+U63+V63+W63+X63 -> 0
B64: Bryant Township | O64: Bryant Township
C65: Allen Nickelson | D65: Rep. | E65: 0 | F65: 27 | G65: 0 | H65: 0 | I65: 0 | J65: 0 | K65: 0 | L65: 0 | M65: 0 | N65: 0 | O65: Allen Nickelson | P65: Rep. | Q65: 0 | R65: 0 | S65: 0 | T65: 0 | U65: 0 | V65: 0 | W65: 0 | X65: 0 | Y65: =E65+F65+G65+H65+I65+J65+K65+L65+M65+N65+Q65+R65+S65+T65+U65+V65+W65+X65 -> 27
Y66: =E66+F66+G66+H66+I66+J66+K66+L66+M66+N66+Q66+R66+S66+T66+U66+V66+W66+X66 -> 0
B67: Gettysburg Township | O67: Gettysburg Township
C68: John Goddard | D68: Rep. | E68: 0 | F68: 0 | G68: 24 | H68: 0 | I68: 0 | J68: 0 | K68: 0 | L68: 0 | M68: 0 | N68: 0 | O68: John Goddard | P68: Rep. | Q68: 0 | R68: 0 | S68: 0 | T68: 0 | U68: 0 | V68: 0 | W68: 0 | X68: 0 | Y68: =E68+F68+G68+H68+I68+J68+K68+L68+M68+N68+Q68+R68+S68+T68+U68+V68+W68+X68 -> 24
Y69: =E69+F69+G69+H69+I69+J69+K69+L69+M69+N69+Q69+R69+S69+T69+U69+V69+W69+X69 -> 0
B70: Graham Township | O70: Graham Township
E71: 0 | F71: 0 | G71: 0 | H71: 0 | I71: 0 | J71: 0 | K71: 0 | L71: 0 | M71: 0 | N71: 0 | Q71: 0 | R71: 0 | S71: 0 | T71: 0 | U71: 0 | V71: 0 | W71: 0 | X71: 0 | Y71: =E71+F71+G71+H71+I71+J71+K71+L71+M71+N71+Q71+R71+S71+T71+U71+V71+W71+X71 -> 0
B72: Happy Township | O72: Happy Township
C73: Wilbur Stites | D73: Rep. | E73: 0 | F73: 0 | G73: 0 | H73: 0 | I73: 15 | J73: 0 | K73: 0 | L73: 0 | M73: 0 | N73: 0 | O73: Wilbur Stites | P73: Rep. | Q73: 0 | R73: 0 | S73: 0 | T73: 0 | U73: 0 | V73: 0 | W73: 0 | X73: 0 | Y73: =E73+F73+G73+H73+I73+J73+K73+L73+M73+N73+Q73+R73+S73+T73+U73+V73+W73+X73 -> 15
B74: Hill City Township | O74: Hill City Township
C75: Joy Radcliffe | D75: Rep. | E75: 0 | F75: 0 | G75: 0 | H75: 0 | I75: 0 | J75: 27 | K75: 209 | L75: 60 | M75: 4 | N75: 25 | O75: Joy Radcliffe | P75: Rep. | Q75: 22 | R75: 0 | S75: 0 | T75: 0 | U75: 0 | V75: 0 | W75: 0 | X75: 0 | Y75: =E75+F75+G75+H75+I75+J75+K75+L75+M75+N75+Q75+R75+S75+T75+U75+V75+W75+X75 -> 347
Y76: =E76+F76+G76+H76+I76+J76+K76+L76+M76+N76+Q76+R76+S76+T76+U76+V76+W76+X76 -> 0
B77: Indiana Township | O77: Indiana Township
C78: Lonnie Beckman | D78: Rep. | E78: 0 | F78: 0 | G78: 0 | H78: 0 | I78: 0 | J78: 0 | K78: 0 | L78: 0 | M78: 0 | N78: 0 | O78: Lonnie Beckman | P78: Rep. | Q78: 0 | R78: 4 | S78: 0 | T78: 0 | U78: 0 | V78: 0 | W78: 0 | X78: 0 | Y78: =E78+F78+G78+H78+I78+J78+K78+L78+M78+N78+Q78+R78+S78+T78+U78+V78+W78+X78 -> 4
B79: Millbrook Township | O79: Millbrook Township
C80: Rodger Quint | D80: Rep. | E80: 0 | F80: 0 | G80: 0 | H80: 0 | I80: 0 | J80: 0 | K80: 0 | L80: 0 | M80: 0 | N80: 0 | O80: Rodger Quint | P80: Rep. | Q80: 0 | R80: 0 | S80: 36 | T80: 0 | U80: 0 | V80: 0 | W80: 0 | X80: 0 | Y80: =E80+F80+G80+H80+I80+J80+K80+L80+M80+N80+Q80+R80+S80+T80+U80+V80+W80+X80 -> 36
Y81: =E81+F81+G81+H81+I81+J81+K81+L81+M81+N81+Q81+R81+S81+T81+U81+V81+W81+X81 -> 0
Y82: =E82+F82+G82+H82+I82+J82+K82+L82+M82+N82+Q82+R82+S82+T82+U82+V82+W82+X82 -> 0
B83: Morlan Township | O83: Morlan Township
C84: Carl Acheson | D84: Rep. | E84: 0 | F84: 0 | G84: 0 | H84: 0 | I84: 0 | J84: 0 | K84: 0 | L84: 0 | M84: 0 | N84: 0 | O84: Carl Acheson | P84: Rep. | Q84: 0 | R84: 0 | S84: 0 | T84: 14 | U84: 0 | V84: 0 | W84: 0 | X84: 0 | Y84: =E84+F84+G84+H84+I84+J84+K84+L84+M84+N84+Q84+R84+S84+T84+U84+V84+W84+X84 -> 14
B85: Nicodemus Township | O85: Nicodemus Township
E86: 0 | F86: 0 | G86: 0 | H86: 0 | I86: 0 | J86: 0 | K86: 0 | L86: 0 | M86: 0 | N86: 0 | Q86: 0 | R86: 0 | S86: 0 | T86: 0 | U86: 0 | V86: 0 | W86: 0 | X86: 0 | Y86: =E86+F86+G86+H86+I86+J86+K86+L86+M86+N86+Q86+R86+S86+T86+U86+V86+W86+X86 -> 0
Y87: =E87+F87+G87+H87+I87+J87+K87+L87+M87+N87+Q87+R87+S87+T87+U87+V87+W87+X87 -> 0
B88: Pioneer Township | O88: Pioneer Township
E89: 0 | F89: 0 | G89: 0 | H89: 0 | I89: 0 | J89: 0 | K89: 0 | L89: 0 | M89: 0 | N89: 0 | Q89: 0 | R89: 0 | S89: 0 | T89: 0 | U89: 0 | V89: 0 | W89: 0 | X89: 0 | Y89: =E89+F89+G89+H89+I89+J89+K89+L89+M89+N89+Q89+R89+S89+T89+U89+V89+W89+X89 -> 0
B90: Solomon Township | O90: Solomon Township
C91: Desiree Simon | D91: Rep. | E91: 0 | F91: 0 | G91: 0 | H91: 0 | I91: 0 | J91: 0 | K91: 0 | L91: 0 | M91: 0 | N91: 0 | O91: Desiree Simon | P91: Rep. | Q91: 0 | R91: 0 | S91: 0 | T91: 0 | U91: 0 | V91: 0 | W91: 48 | X91: 0 | Y91: =E91+F91+G91+H91+I91+J91+K91+L91+M91+N91+Q91+R91+S91+T91+U91+V91+W91+X91 -> 48
Y92: =E92+F92+G92+H92+I92+J92+K92+L92+M92+N92+Q92+R92+S92+T92+U92+V92+W92+X92 -> 0
B93: Wildhorse Township | O93: Wildhorse Township
C94: Robin Hardman | D94: Rep. | E94: 0 | F94: 0 | G94: 0 | H94: 0 | I94: 0 | J94: 0 | K94: 0 | L94: 0 | M94: 0 | N94: 0 | O94: Robin Hardman | P94: Rep. | Q94: 0 | R94: 0 | S94: 0 | T94: 0 | U94: 0 | V94: 0 | W94: 0 | X94: 54 | Y94: =E94+F94+G94+H94+I94+J94+K94+L94+M94+N94+Q94+R94+S94+T94+U94+V94+W94+X94 -> 54
B98: NAME OF OFFICE | C98: NAME OF PERSON VOTED FOR | E98: ALLODIUM | F98: BRYANT | G98: GETTYSBURG | H98: GRAHAM | I98: HAPPPY | J98: HILL CITY #1 | K98: HILL CITY #2 | L98: HILL CITY #3 | M98: HILL CITY TWP #71 | N98: HILL CITY TWP #72 | O98: NAME OF PERSON VOTED FOR | P98: PARTY | Q98: HILL CITY TWP #73 | R98: INDIANA | S98: MILLBROOK | T98: MORLAN | U98: NICODEMUS | V98: PIONEER | W98: SOLOMON | X98: WILDHORSE | Y98: TOTAL
B99: TOWNSHIP TREASURER | O99: TOWNSHIP TREASURER
B100: Allodium Township | O100: Allodium Township
C101: Melissa Lee | D101: Rep. | E101: 9 | F101: 0 | G101: 0 | H101: 0 | I101: 0 | J101: 0 | K101: 0 | L101: 0 | M101: 0 | N101: 0 | O101: Melissa Lee | P101: Rep. | Q101: 0 | R101: 0 | S101: 0 | T101: 0 | U101: 0 | V101: 0 | W101: 0 | X101: 0 | Y101: =E101+F101+G101+H101+I101+J101+K101+L101+M101+N101+Q101+R101+S101+T101+U101+V101+W101+X101 -> 9
Y102: =E102+F102+G102+H102+I102+J102+K102+L102+M102+N102+Q102+R102+S102+T102+U102+V102+W102+X102 -> 0
B103: Bryant Township | O103: Bryant Township
C104: Susan Rohleder | D104: Rep. | E104: 0 | F104: 27 | G104: 0 | H104: 0 | I104: 0 | J104: 0 | K104: 0 | L104: 0 | M104: 0 | N104: 0 | O104: Susan Rohleder | P104: Rep. | Q104: 0 | R104: 0 | S104: 0 | T104: 0 | U104: 0 | V104: 0 | W104: 0 | X104: 0 | Y104: =E104+F104+G104+H104+I104+J104+K104+L104+M104+N104+Q104+R104+S104+T104+U104+V104+W104+X104 -> 27
Y105: =E105+F105+G105+H105+I105+J105+K105+L105+M105+N105+Q105+R105+S105+T105+U105+V105+W105+X105 -> 0
B106: Gettysburg Township | O106: Gettysburg Township
C107: Robert Ellis | D107: Rep. | E107: 0 | F107: 0 | G107: 24 | H107: 0 | I107: 0 | J107: 0 | K107: 0 | L107: 0 | M107: 0 | N107: 0 | O107: Robert Elllis | P107: Rep. | Q107: 0 | R107: 0 | S107: 0 | T107: 0 | U107: 0 | V107: 0 | W107: 0 | X107: 0 | Y107: =E107+F107+G107+H107+I107+J107+K107+L107+M107+N107+Q107+R107+S107+T107+U107+V107+W107+X107 -> 24
Y108: =E108+F108+G108+H108+I108+J108+K108+L108+M108+N108+Q108+R108+S108+T108+U108+V108+W108+X108 -> 0
B109: Graham Township | O109: Graham Township
C110: Melanie Nelson | D110: Rep. | E110: 0 | F110: 0 | G110: 0 | H110: 17 | I110: 0 | J110: 0 | K110: 0 | L110: 0 | M110: 0 | N110: 0 | O110: Melanie Nelson | P110: Rep. | Q110: 0 | R110: 0 | S110: 0 | T110: 0 | U110: 0 | V110: 0 | W110: 0 | X110: 0 | Y110: =E110+F110+G110+H110+I110+J110+K110+L110+M110+N110+Q110+R110+S110+T110+U110+V110+W110+X110 -> 17
B111: Happy Township | O111: Happy Township
C112: John Griffith | D112: Rep. | E112: 0 | F112: 0 | G112: 0 | H112: 0 | I112: 14 | J112: 0 | K112: 0 | L112: 0 | M112: 0 | N112: 0 | O112: John Griffith | P112: Rep. | Q112: 0 | R112: 0 | S112: 0 | T112: 0 | U112: 0 | V112: 0 | W112: 0 | X112: 0 | Y112: =E112+F112+G112+H112+I112+J112+K112+L112+M112+N112+Q112+R112+S112+T112+U112+V112+W112+X112 -> 14
B113: Hill City Township | O113: Hill City Township
C114: Suzie McDowell | D114: Rep. | E114: 0 | F114: 0 | G114: 0 | H114: 0 | I114: 0 | J114: 27 | K114: 212 | L114: 62 | M114: 4 | N114: 24 | O114: Suzie McDowell | P114: Rep. | Q114: 22 | R114: 0 | S114: 0 | T114: 0 | U114: 0 | V114: 0 | W114: 0 | X114: 0 | Y114: =E114+F114+G114+H114+I114+J114+K114+L114+M114+N114+Q114+R114+S114+T114+U114+V114+W114+X114 -> 351
B115: Indiana Township | O115: Indiana Township
E116: 0 | F116: 0 | G116: 0 | H116: 0 | I116: 0 | J116: 0 | K116: 0 | L116: 0 | M116: 0 | N116: 0 | Q116: 0 | R116: 0 | S116: 0 | T116: 0 | U116: 0 | V116: 0 | W116: 0 | X116: 0 | Y116: =E116+F116+G116+H116+I116+J116+K116+L116+M116+N116+Q116+R116+S116+T116+U116+V116+W116+X116 -> 0
B117: Millbrook Township | O117: Millbrook Township
C118: Max Seeger | D118: Rep. | E118: 0 | F118: 0 | G118: 0 | H118: 0 | I118: 0 | J118: 0 | K118: 0 | L118: 0 | M118: 0 | N118: 0 | O118: Max Seeger | P118: Rep. | Q118: 0 | R118: 0 | S118: 36 | T118: 0 | U118: 0 | V118: 0 | W118: 0 | X118: 0 | Y118: =E118+F118+G118+H118+I118+J118+K118+L118+M118+N118+Q118+R118+S118+T118+U118+V118+W118+X118 -> 36
Y119: =E119+F119+G119+H119+I119+J119+K119+L119+M119+N119+Q119+R119+S119+T119+U119+V119+W119+X119 -> 0
...

Sheet ELECTION DAY
B1: November 5th, 2024
B2: ELECTION DAY TOTALS
B3: NAME OF OFFICE | C3: NAME OF PERSON VOTED FOR | D3: PARTY | E3: ALLODIUM | F3: BRYANT | G3: GETTYSBURG | H3: GRAHAM | I3: HAPPPY | J3: HILL CITY #1 | K3: HILL CITY #2 | L3: HILL CITY #3 | M3: HILL CITY TWP #71 | N3: HILL CITY TWP #72 | O3: NAME OF PERSON VOTED FOR | P3: PARTY | Q3: HILL CITY TWP #73 | R3: INDIANA | S3: MILLBROOK | T3: MORLAN | U3: NICODEMUS | V3: PIONEER | W3: SOLOMON | X3: WILDHORSE | Y3: TOTAL
B4: PRESIDENT AND VICE PRESIDENT | O4: PRESIDENT AND VICE PRESIDENT
C5: Trump/Vance | D5: Rep. | E5: 10 | F5: 16 | G5: 16 | H5: 18 | I5: 15 | J5: 46 | K5: 78 | L5: 59 | M5: 2 | N5: 15 | O5: Trump/Vance | P5: Rep. | Q5: 9 | R5: 12 | S5: 31 | T5: 17 | U5: 6 | V5: 6 | W5: 30 | X5: 48 | Y5: =SUM(E5:X5) -> 434
C6: Harris/Walz | D6: Dem. | E6: 0 | F6: 2 | G6: 4 | H6: 0 | I6: 0 | J6: 9 | K6: 13 | L6: 14 | M6: 0 | N6: 3 | O6: Harris/Walz | P6: Dem. | Q6: 1 | R6: 1 | S6: 2 | T6: 0 | U6: 2 | V6: 0 | W6: 3 | X6: 5 | Y6: =SUM(E6:X6) -> 59
C7: Kennedy Jr./Shanahan | D7: Indep. | E7: 0 | F7: 0 | G7: 0 | H7: 0 | I7: 0 | J7: 1 | K7: 3 | L7: 0 | M7: 0 | N7: 0 | O7: Kennedy Jr./Shanahan | P7: Indep. | Q7: 0 | R7: 0 | S7: 0 | T7: 0 | U7: 0 | V7: 0 | W7: 0 | X7: 0 | Y7: =SUM(E7:X7) -> 4
C8: Oliver/ ter Maat | D8: Lib. | E8: 0 | F8: 0 | G8: 0 | H8: 0 | I8: 0 | J8: 0 | K8: 1 | L8: 0 | M8: 0 | N8: 0 | O8: Oliver/ ter Maat | P8: Lib. | Q8: 0 | R8: 0 | S8: 0 | T8: 0 | U8: 0 | V8: 0 | W8: 0 | X8: 0 | Y8: =SUM(E8:X8) -> 1
B9: UNITED STATES REPRESENTATIVE 1ST DISTRICT | O9: UNITED STATES REPRESENTATIVE 1ST DISTRICT
C10: Paul Buskirk | D10: Dem. | E10: 0 | F10: 2 | G10: 2 | H10: 0 | I10: 0 | J10: 6 | K10: 11 | L10: 8 | M10: 0 | N10: 4 | O10: Paul Buskirk | P10: Dem. | Q10: 0 | R10: 0 | S10: 2 | T10: 0 | U10: 2 | V10: 0 | W10: 2 | X10: 6 | Y10: =SUM(E10:X10) -> 45
C11: Tracey Mann | D11: Rep. | E11: 10 | F11: 16 | G11: 17 | H11: 17 | I11: 15 | J11: 50 | K11: 79 | L11: 61 | M11: 2 | N11: 14 | O11: Tracey Mann | P11: Rep. | Q11: 10 | R11: 13 | S11: 31 | T11: 16 | U11: 6 | V11: 6 | W11: 30 | X11: 46 | Y11: =SUM(E11:X11) -> 439
B13: STATE SENATOR 40TH DISTRICT | O13: STATE SENATOR 40TH DISTRICT
C14: Richard (Rick) Billinger | D14: Rep. | E14: 10 | F14: 16 | G14: 19 | H14: 18 | I14: 15 | J14: 49 | K14: 81 | L14: 64 | M14: 1 | N14: 18 | O14: Richard (Rick) Billinger | P14: Rep. | Q14: 10 | R14: 13 | S14: 30 | T14: 17 | U14: 6 | V14: 6 | W14: 28 | X14: 49 | Y14: =SUM(E14:X14) -> 450
B15: STATE REPRESENTATIVE 110TH DISTRICT | O15: STATE REPRESENTATIVE 110TH DISTRICT
C16: ellace Henderson | D16: Dem. | E16: 0 | F16: 2 | G16: 2 | H16: 0 | I16: 0 | J16: 8 | K16: 11 | L16: 11 | M16: 0 | N16: 5 | O16: ellace Henderson | P16: Dem. | Q16: 1 | R16: 1 | S16: 4 | T16: 0 | U16: 3 | V16: 0 | W16: 2 | X16: 7 | Y16: =SUM(E16:X16) -> 57
C17: Ken Rahjes | D17: Rep. | E17: 10 | F17: 12 | G17: 18 | H17: 17 | I17: 15 | J17: 46 | K17: 69 | L17: 59 | M17: 1 | N17: 12 | O17: Ken Rahjes | P17: Rep. | Q17: 9 | R17: 12 | S17: 27 | T17: 17 | U17: 5 | V17: 6 | W17: 30 | X17: 45 | Y17: =SUM(E17:X17) -> 410
B18: DISTRICT COURT JUDGE 17TH DISTRICT 1ST DIVISION | O18: DISTRICT COURT JUDGE 17TH DISTRICT 1ST DIVISION
C19: Jesse A. Thompson | D19: Rep. | E19: 10 | F19: 11 | G19: 19 | H19: 17 | I19: 15 | J19: 47 | K19: 83 | L19: 66 | M19: 2 | N19: 17 | O19: Jesse A. Thompson | P19: Rep. | Q19: 10 | R19: 13 | S19: 31 | T19: 14 | U19: 7 | V19: 7 | W19: 29 | X19: 48 | Y19: =SUM(E19:X19) -> 446
B21: DISTRICT COURT JUDGE 17TH DISTRICT 2ND DIVISION | O21: DISTRICT COURT JUDGE 17TH DISTRICT 2ND DIVISION
C22: Paula D. Hofaker | D22: Rep. | E22: 10 | F22: 11 | G22: 19 | H22: 16 | I22: 15 | J22: 45 | K22: 79 | L22: 60 | M22: 1 | N22: 17 | O22: Paula D. Hofaker | P22: Rep. | Q22: 8 | R22: 13 | S22: 29 | T22: 16 | U22: 6 | V22: 5 | W22: 28 | X22: 48 | Y22: =SUM(E22:X22) -> 426
B23: DISTRICT MAGISTRATE JUDGE 17TH DISTRICT 1ST POSITION | O23: COMMISSIONER OF INSURANCE
C24: Morgan Nutting | D24: Rep. | E24: 10 | F24: 10 | G24: 19 | H24: 18 | I24: 15 | J24: 46 | K24: 81 | L24: 67 | M24: 1 | N24: 15 | O24: Morgan Nutting | P24: Rep. | Q24: 10 | R24: 13 | S24: 26 | T24: 16 | U24: 5 | V24: 6 | W24: 28 | X24: 50 | Y24: =SUM(E24:X24) -> 436
B33: NAME OF OFFICE | C33: NAME OF PERSON VOTED FOR | D33: PARTY | E33: ALLODIUM | F33: BRYANT | G33: GETTYSBURG | H33: GRAHAM | I33: HAPPPY | J33: HILL CITY #1 | K33: HILL CITY #2 | L33: HILL CITY #3 | M33: HILL CITY TWP #71 | N33: HILL CITY TWP #72 | O33: NAME OF PERSON VOTED FOR | P33: PARTY | Q33: HILL CITY TWP #73 | R33: INDIANA | S33: MILLBROOK | T33: MORLAN | U33: NICODEMUS | V33: PIONEER | W33: SOLOMON | X33: WILDHORSE | Y33: TOTAL
B34: COUNTY COMMISSIONER 2ND DISTRICT | O34: COUNTY COMMISSIONER 2ND DISTRICT
C35: Jason Nelson | D35: Rep | E35: 0 | F35: 0 | G35: 0 | H35: 15 | I35: 0 | J35: 0 | K35: 70 | L35: 0 | M35: 0 | N35: 13 | O35: Jason Nelson | P35: Rep | Q35: 0 | R35: 0 | S35: 0 | T35: 0 | U35: 5 | V35: 7 | W35: 0 | X35: 0 | Y35: =E35+F35+G35+H35+I35+J35+K35+L35+M35+N35+Q35+R35+S35+T35+U35+V35+W35+X35 -> 110
Y36: =E36+F36+G36+H36+I36+J36+K36+L36+M36+N36+Q36+R36+S36+T36+U36+V36+W36+X36 -> 0
B37: COUNTY COMMISSIONER 3RD DISTRICT | O37: COUNTY COMMISSIONER 3RD DISTRICT
C38: Dan Irby | D38: Rep | E38: 0 | F38: 0 | G38: 0 | H38: 0 | I38: 14 | J38: 0 | K38: 0 | L38: 60 | M38: 0 | N38: 0 | O38: Dan Irby | P38: Rep | Q38: 10 | R38: 0 | S38: 26 | T38: 16 | U38: 0 | V38: 0 | W38: 0 | X38: 44 | Y38: =E38+F38+G38+H38+I38+J38+K38+L38+M38+N38+Q38+R38+S38+T38+U38+V38+W38+X38 -> 170
Y39: =E39+F39+G39+H39+I39+J39+K39+L39+M39+N39+Q39+R39+S39+T39+U39+V39+W39+X39 -> 0
B40: COUNTY CLERK | O40: COUNTY CLERK
C41: Kendra Robinson | D41: Rep. | E41: 10 | F41: 13 | G41: 19 | H41: 15 | I41: 15 | J41: 46 | K41: 78 | L41: 63 | M41: 2 | N41: 16 | O41: Kendra Robinson | P41: Rep. | Q41: 9 | R41: 13 | S41: 26 | T41: 17 | U41: 7 | V41: 7 | W41: 30 | X41: 45 | Y41: =E41+F41+G41+H41+I41+J41+K41+L41+M41+N41+Q41+R41+S41+T41+U41+V41+W41+X41 -> 431
B42: COUNTY TREASURER | O42: COUNTY TREASURER
C43: Jerilyn Keith | D43: Rep | E43: 10 | F43: 15 | G43: 19 | H43: 16 | I43: 15 | J43: 49 | K43: 84 | L43: 64 | M43: 2 | N43: 17 | O43: Jerilyn Keith | P43: Rep | Q43: 10 | R43: 13 | S43: 28 | T43: 17 | U43: 6 | V43: 7 | W43: 29 | X43: 48 | Y43: =E43+F43+G43+H43+I43+J43+K43+L43+M43+N43+Q43+R43+S43+T43+U43+V43+W43+X43 -> 449
Y44: =E44+F44+G44+H44+I44+J44+K44+L44+M44+N44+Q44+R44+S44+T44+U44+V44+W44+X44 -> 0
B45: COUNTY REGISTER OF DEEDS | O45: COUNTY REGISTER OF DEEDS
C46: Dani Roeder | D46: Rep | E46: 8 | F46: 12 | G46: 11 | H46: 11 | I46: 13 | J46: 28 | K46: 63 | L46: 44 | M46: 0 | N46: 9 | O46: Dani Roeder | P46: Rep | Q46: 6 | R46: 10 | S46: 17 | T46: 15 | U46: 5 | V46: 1 | W46: 22 | X46: 41 | Y46: =E46+F46+G46+H46+I46+J46+K46+L46+M46+N46+Q46+R46+S46+T46+U46+V46+W46+X46 -> 316
C47: Kelli VanLoenen Write-In | D47: Rep | E47: 2 | F47: 0 | G47: 8 | H47: 7 | I47: 0 | J47: 19 | K47: 44 | L47: 22 | M47: 2 | N47: 5 | O47: Kelli VanLoenen Write-In | P47: Rep | Q47: 2 | R47: 3 | S47: 14 | T47: 2 | U47: 1 | V47: 4 | W47: 6 | X47: 12 | Y47: =E47+F47+G47+H47+I47+J47+K47+L47+M47+N47+Q47+R47+S47+T47+U47+V47+W47+X47 -> 153
B48: COUNTY ATTORNEY | O48: COUNTY ATTORNEY
C49: Michael Abbott | D49: Rep | E49: 10 | F49: 11 | G49: 19 | H49: 16 | I49: 15 | J49: 46 | K49: 77 | L49: 62 | M49: 1 | N49: 17 | O49: Michael Abbott | P49: Rep | Q49: 10 | R49: 13 | S49: 28 | T49: 16 | U49: 6 | V49: 5 | W49: 28 | X49: 48 | Y49: =E49+F49+G49+H49+I49+J49+K49+L49+M49+N49+Q49+R49+S49+T49+U49+V49+W49+X49 -> 428
B50: COUNTY SHERIFF | O50: COUNTY SHERIFF
C51: Les Burton | D51: Rep | E51: 10 | F51: 13 | G51: 18 | H51: 17 | I51: 15 | J51: 48 | K51: 66 | L51: 61 | M51: 2 | N51: 16 | O51: Les Burton | P51: Rep | Q51: 9 | R51: 13 | S51: 22 | T51: 16 | U51: 7 | V51: 7 | W51: 31 | X51: 42 | Y51: =E51+F51+G51+H51+I51+J51+K51+L51+M51+N51+Q51+R51+S51+T51+U51+V51+W51+X51 -> 413
Y52: =E52+F52+G52+H52+I52+J52+K52+L52+M52+N52+Q52+R52+S52+T52+U52+V52+W52+X52 -> 0
B60: NAME OF OFFICE | C60: NAME OF PERSON VOTED FOR | D60: PARTY | E60: ALLODIUM | F60: BRYANT | G60: GETTYSBURG | H60: GRAHAM | I60: HAPPPY | J60: HILL CITY #1 | K60: HILL CITY #2 | L60: HILL CITY #3 | M60: HILL CITY TWP #71 | N60: HILL CITY TWP #72 | O60: NAME OF PERSON VOTED FOR | P60: PARTY | Q60: HILL CITY TWP #73 | R60: INDIANA | S60: MILLBROOK | T60: MORLAN | U60: NICODEMUS | V60: PIONEER | W60: SOLOMON | X60: WILDHORSE | Y60: TOTAL
B61: TOWNSHIP TRUSTEE | O61: TOWNSHIP TRUSTEE
B62: Allodium Township | O62: Allodium Township
C63: Deborah Jackson | D63: Rep. | E63: 10 | F63: 0 | G63: 0 | H63: 0 | I63: 0 | J63: 0 | K63: 0 | L63: 0 | M63: 0 | N63: 0 | O63: Deborah Jackson | P63: Rep. | Q63: 0 | R63: 0 | S63: 0 | T63: 0 | U63: 0 | V63: 0 | W63: 0 | X63: 0 | Y63: =E63+F63+G63+H63+I63+J63+K63+L63+M63+N63+Q63+R63+S63+T63+U63+V63+W63+X63 -> 10
Y64: =E64+F64+G64+H64+I64+J64+K64+L64+M64+N64+Q64+R64+S64+T64+U64+V64+W64+X64 -> 0
B65: Bryant Township | O65: Bryant Township
C66: Allen Nickelson | D66: Rep. | E66: 0 | F66: 14 | G66: 0 | H66: 0 | I66: 0 | J66: 0 | K66: 0 | L66: 0 | M66: 0 | N66: 0 | O66: Allen Nickelson | P66: Rep. | Q66: 0 | R66: 0 | S66: 0 | T66: 0 | U66: 0 | V66: 0 | W66: 0 | X66: 0 | Y66: =E66+F66+G66+H66+I66+J66+K66+L66+M66+N66+Q66+R66+S66+T66+U66+V66+W66+X66 -> 14
Y67: =E67+F67+G67+H67+I67+J67+K67+L67+M67+N67+Q67+R67+S67+T67+U67+V67+W67+X67 -> 0
B68: Gettysburg Township | O68: Gettysburg Township
C69: John Goddard | D69: Rep. | E69: 0 | F69: 0 | G69: 19 | H69: 0 | I69: 0 | J69: 0 | K69: 0 | L69: 0 | M69: 0 | N69: 0 | O69: John Goddard | P69: Rep. | Q69: 0 | R69: 0 | S69: 0 | T69: 0 | U69: 0 | V69: 0 | W69: 0 | X69: 0 | Y69: =E69+F69+G69+H69+I69+J69+K69+L69+M69+N69+Q69+R69+S69+T69+U69+V69+W69+X69 -> 19
Y70: =E70+F70+G70+H70+I70+J70+K70+L70+M70+N70+Q70+R70+S70+T70+U70+V70+W70+X70 -> 0
B71: Graham Township | O71: Graham Township
E72: 0 | F72: 0 | G72: 0 | H72: 0 | I72: 0 | J72: 0 | K72: 0 | L72: 0 | M72: 0 | N72: 0 | Q72: 0 | R72: 0 | S72: 0 | T72: 0 | U72: 0 | V72: 0 | W72: 0 | X72: 0 | Y72: =E72+F72+G72+H72+I72+J72+K72+L72+M72+N72+Q72+R72+S72+T72+U72+V72+W72+X72 -> 0
B73: Happy Township | O73: Happy Township
C74: Wilbur Stites | D74: Rep. | E74: 0 | F74: 0 | G74: 0 | H74: 0 | I74: 15 | J74: 0 | K74: 0 | L74: 0 | M74: 0 | N74: 0 | O74: Wilbur Stites | P74: Rep. | Q74: 0 | R74: 0 | S74: 0 | T74: 0 | U74: 0 | V74: 0 | W74: 0 | X74: 0 | Y74: =E74+F74+G74+H74+I74+J74+K74+L74+M74+N74+Q74+R74+S74+T74+U74+V74+W74+X74 -> 15
B75: Hill City Township | O75: Hill City Township
C76: Joy Radcliffe | D76: Rep. | E76: 0 | F76: 0 | G76: 0 | H76: 0 | I76: 0 | J76: 51 | K76: 85 | L76: 65 | M76: 1 | N76: 15 | O76: Joy Radcliffe | P76: Rep. | Q76: 10 | R76: 0 | S76: 0 | T76: 0 | U76: 0 | V76: 0 | W76: 0 | X76: 0 | Y76: =E76+F76+G76+H76+I76+J76+K76+L76+M76+N76+Q76+R76+S76+T76+U76+V76+W76+X76 -> 227
Y77: =E77+F77+G77+H77+I77+J77+K77+L77+M77+N77+Q77+R77+S77+T77+U77+V77+W77+X77 -> 0
B78: Indiana Township | O78: Indiana Township
C79: Lonnie Beckman | D79: Rep. | E79: 0 | F79: 0 | G79: 0 | H79: 0 | I79: 0 | J79: 0 | K79: 0 | L79: 0 | M79: 0 | N79: 0 | O79: Lonnie Beckman | P79: Rep. | Q79: 0 | R79: 12 | S79: 0 | T79: 0 | U79: 0 | V79: 0 | W79: 0 | X79: 0 | Y79: =E79+F79+G79+H79+I79+J79+K79+L79+M79+N79+Q79+R79+S79+T79+U79+V79+W79+X79 -> 12
B80: Millbrook Township | O80: Millbrook Township
C81: Rodger Quint | D81: Rep. | E81: 0 | F81: 0 | G81: 0 | H81: 0 | I81: 0 | J81: 0 | K81: 0 | L81: 0 | M81: 0 | N81: 0 | O81: Rodger Quint | P81: Rep. | Q81: 0 | R81: 0 | S81: 32 | T81: 0 | U81: 0 | V81: 0 | W81: 0 | X81: 0 | Y81: =E81+F81+G81+H81+I81+J81+K81+L81+M81+N81+Q81+R81+S81+T81+U81+V81+W81+X81 -> 32
Y82: =E82+F82+G82+H82+I82+J82+K82+L82+M82+N82+Q82+R82+S82+T82+U82+V82+W82+X82 -> 0
Y83: =E83+F83+G83+H83+I83+J83+K83+L83+M83+N83+Q83+R83+S83+T83+U83+V83+W83+X83 -> 0
B84: Morlan Township | O84: Morlan Township
C85: Carl Acheson | D85: Rep. | E85: 0 | F85: 0 | G85: 0 | H85: 0 | I85: 0 | J85: 0 | K85: 0 | L85: 0 | M85: 0 | N85: 0 | O85: Carl Acheson | P85: Rep. | Q85: 0 | R85: 0 | S85: 0 | T85: 17 | U85: 0 | V85: 0 | W85: 0 | X85: 0 | Y85: =E85+F85+G85+H85+I85+J85+K85+L85+M85+N85+Q85+R85+S85+T85+U85+V85+W85+X85 -> 17
B86: Nicodemus Township | O86: Nicodemus Township
E87: 0 | F87: 0 | G87: 0 | H87: 0 | I87: 0 | J87: 0 | K87: 0 | L87: 0 | M87: 0 | N87: 0 | Q87: 0 | R87: 0 | S87: 0 | T87: 0 | U87: 0 | V87: 0 | W87: 0 | X87: 0 | Y87: =E87+F87+G87+H87+I87+J87+K87+L87+M87+N87+Q87+R87+S87+T87+U87+V87+W87+X87 -> 0
Y88: =E88+F88+G88+H88+I88+J88+K88+L88+M88+N88+Q88+R88+S88+T88+U88+V88+W88+X88 -> 0
B89: Pioneer Township | O89: Pioneer Township
E90: 0 | F90: 0 | G90: 0 | H90: 0 | I90: 0 | J90: 0 | K90: 0 | L90: 0 | M90: 0 | N90: 0 | Q90: 0 | R90: 0 | S90: 0 | T90: 0 | U90: 0 | V90: 0 | W90: 0 | X90: 0 | Y90: =E90+F90+G90+H90+I90+J90+K90+L90+M90+N90+Q90+R90+S90+T90+U90+V90+W90+X90 -> 0
B91: Solomon Township | O91: Solomon Township
C92: Desiree Simon | D92: Rep. | E92: 0 | F92: 0 | G92: 0 | H92: 0 | I92: 0 | J92: 0 | K92: 0 | L92: 0 | M92: 0 | N92: 0 | O92: Desiree Simon | P92: Rep. | Q92: 0 | R92: 0 | S92: 0 | T92: 0 | U92: 0 | V92: 0 | W92: 29 | X92: 0 | Y92: =E92+F92+G92+H92+I92+J92+K92+L92+M92+N92+Q92+R92+S92+T92+U92+V92+W92+X92 -> 29
Y93: =E93+F93+G93+H93+I93+J93+K93+L93+M93+N93+Q93+R93+S93+T93+U93+V93+W93+X93 -> 0
B94: Wildhorse Township | O94: Wildhorse Township
C95: Robin Hardman | D95: Rep. | E95: 0 | F95: 0 | G95: 0 | H95: 0 | I95: 0 | J95: 0 | K95: 0 | L95: 0 | M95: 0 | N95: 0 | O95: Robin Hardman | P95: Rep. | Q95: 0 | R95: 0 | S95: 0 | T95: 0 | U95: 0 | V95: 0 | W95: 0 | X95: 46 | Y95: =E95+F95+G95+H95+I95+J95+K95+L95+M95+N95+Q95+R95+S95+T95+U95+V95+W95+X95 -> 46
B99: NAME OF OFFICE | C99: NAME OF PERSON VOTED FOR | E99: ALLODIUM | F99: BRYANT | G99: GETTYSBURG | H99: GRAHAM | I99: HAPPPY | J99: HILL CITY #1 | K99: HILL CITY #2 | L99: HILL CITY #3 | M99: HILL CITY TWP #71 | N99: HILL CITY TWP #72 | O99: NAME OF PERSON VOTED FOR | P99: PARTY | Q99: HILL CITY TWP #73 | R99: INDIANA | S99: MILLBROOK | T99: MORLAN | U99: NICODEMUS | V99: PIONEER | W99: SOLOMON | X99: WILDHORSE | Y99: TOTAL
B100: TOWNSHIP TREASURER | O100: TOWNSHIP TREASURER
B101: Allodium Township | O101: Allodium Township
C102: Melissa Lee | D102: Rep. | E102: 10 | F102: 0 | G102: 0 | H102: 0 | I102: 0 | J102: 0 | K102: 0 | L102: 0 | M102: 0 | N102: 0 | O102: Melissa Lee | P102: Rep. | Q102: 0 | R102: 0 | S102: 0 | T102: 0 | U102: 0 | V102: 0 | W102: 0 | X102: 0 | Y102: =E102+F102+G102+H102+I102+J102+K102+L102+M102+N102+Q102+R102+S102+T102+U102+V102+W102+X102 -> 10
Y103: =E103+F103+G103+H103+I103+J103+K103+L103+M103+N103+Q103+R103+S103+T103+U103+V103+W103+X103 -> 0
B104: Bryant Township | O104: Bryant Township
C105: Susan Rohleder | D105: Rep. | E105: 0 | F105: 14 | G105: 0 | H105: 0 | I105: 0 | J105: 0 | K105: 0 | L105: 0 | M105: 0 | N105: 0 | O105: Susan Rohleder | P105: Rep. | Q105: 0 | R105: 0 | S105: 0 | T105: 0 | U105: 0 | V105: 0 | W105: 0 | X105: 0 | Y105: =E105+F105+G105+H105+I105+J105+K105+L105+M105+N105+Q105+R105+S105+T105+U105+V105+W105+X105 -> 14
Y106: =E106+F106+G106+H106+I106+J106+K106+L106+M106+N106+Q106+R106+S106+T106+U106+V106+W106+X106 -> 0
B107: Gettysburg Township | O107: Gettysburg Township
C108: Robert Ellis | D108: Rep. | E108: 0 | F108: 0 | G108: 19 | H108: 0 | I108: 0 | J108: 0 | K108: 0 | L108: 0 | M108: 0 | N108: 0 | O108: Robert Elllis | P108: Rep. | Q108: 0 | R108: 0 | S108: 0 | T108: 0 | U108: 0 | V108: 0 | W108: 0 | X108: 0 | Y108: =E108+F108+G108+H108+I108+J108+K108+L108+M108+N108+Q108+R108+S108+T108+U108+V108+W108+X108 -> 19
Y109: =E109+F109+G109+H109+I109+J109+K109+L109+M109+N109+Q109+R109+S109+T109+U109+V109+W109+X109 -> 0
B110: Graham Township | O110: Graham Township
C111: Melanie Nelson | D111: Rep. | E111: 0 | F111: 0 | G111: 0 | H111: 16 | I111: 0 | J111: 0 | K111: 0 | L111: 0 | M111: 0 | N111: 0 | O111: Melanie Nelson | P111: Rep. | Q111: 0 | R111: 0 | S111: 0 | T111: 0 | U111: 0 | V111: 0 | W111: 0 | X111: 0 | Y111: =E111+F111+G111+H111+I111+J111+K111+L111+M111+N111+Q111+R111+S111+T111+U111+V111+W111+X111 -> 16
B112: Happy Township | O112: Happy Township
C113: John Griffith | D113: Rep. | E113: 0 | F113: 0 | G113: 0 | H113: 0 | I113: 12 | J113: 0 | K113: 0 | L113: 0 | M113: 0 | N113: 0 | O113: John Griffith | P113: Rep. | Q113: 0 | R113: 0 | S113: 0 | T113: 0 | U113: 0 | V113: 0 | W113: 0 | X113: 0 | Y113: =E113+F113+G113+H113+I113+J113+K113+L113+M113+N113+Q113+R113+S113+T113+U113+V113+W113+X113 -> 12
B114: Hill City Township | O114: Hill City Township
C115: Suzie McDowell | D115: Rep. | E115: 0 | F115: 0 | G115: 0 | H115: 0 | I115: 0 | J115: 49 | K115: 86 | L115: 66 | M115: 2 | N115: 17 | O115: Suzie McDowell | P115: Rep. | Q115: 10 | R115: 0 | S115: 0 | T115: 0 | U115: 0 | V115: 0 | W115: 0 | X115: 0 | Y115: =E115+F115+G115+H115+I115+J115+K115+L115+M115+N115+Q115+R115+S115+T115+U115+V115+W115+X115 -> 230
B116: Indiana Township | O116: Indiana Township
E117: 0 | F117: 0 | G117: 0 | H117: 0 | I117: 0 | J117: 0 | K117: 0 | L117: 0 | M117: 0 | N117: 0 | Q117: 0 | R117: 0 | S117: 0 | T117: 0 | U117: 0 | V117: 0 | W117: 0 | X117: 0 | Y117: =E117+F117+G117+H117+I117+J117+K117+L117+M117+N117+Q117+R117+S117+T117+U117+V117+W117+X117 -> 0
B118: Millbrook Township | O118: Millbrook Township
C119: Max Seeger | D119: Rep. | E119: 0 | F119: 0 | G119: 0 | H119: 0 | I119: 0 | J119: 0 | K119: 0 | L119: 0 | M119: 0 | N119: 0 | O119: Max Seeger | P119: Rep. | Q119: 0 | R119: 0 | S119: 30 | T119: 0 | U119: 0 | V119: 0 | W119: 0 | X119: 0 | Y119: =E119+F119+G119+H119+I119+J119+K119+L119+M119+N119+Q119+R119+S119+T119+U119+V119+W119+X119 -> 30
Y120: =E120+F120+G120+H120+I120+J120+K120+L120+M120+N120+Q120+R120+S120+T120+U120+V120+W120+X120 -> 0
...

Sheet ADVANCE & ELECTION DAY TOTAL
B1: November 5th, 2024
B2: TOTALS
B3: NAME OF OFFICE | C3: NAME OF PERSON VOTED FOR | D3: PARTY | E3: ALLODIUM | F3: BRYANT | G3: GETTYSBURG | H3: GRAHAM | I3: HAPPPY | J3: HILL CITY #1 | K3: HILL CITY #2 | L3: HILL CITY #3 | M3: HILL CITY TWP #71 | N3: HILL CITY TWP #72 | O3: NAME OF PERSON VOTED FOR | P3: PARTY | Q3: HILL CITY TWP #73 | R3: INDIANA | S3: MILLBROOK | T3: MORLAN | U3: NICODEMUS | V3: PIONEER | W3: SOLOMON | X3: WILDHORSE | Y3: TOTAL
B4: PRESIDENT AND VICE PRESIDENT | O4: PRESIDENT AND VICE PRESIDENT
C5: Trump/Vance | D5: Rep. | E5: =SUM('ADVANCE:ELECTION DAY'!E5) -> 20 | F5: =SUM('ADVANCE:ELECTION DAY'!F5) -> 47 | G5: =SUM('ADVANCE:ELECTION DAY'!G5) -> 37 | H5: =SUM('ADVANCE:ELECTION DAY'!H5) -> 29 | I5: =SUM('ADVANCE:ELECTION DAY'!I5) -> 22 | J5: =SUM('ADVANCE:ELECTION DAY'!J5) -> 70 | K5: =SUM('ADVANCE:ELECTION DAY'!K5) -> 267 | L5: =SUM('ADVANCE:ELECTION DAY'!L5) -> 116 | ... N5: =SUM('ADVANCE:ELECTION DAY'!N5) -> 37 | O5: Trump/Vance | P5: Rep. | Q5: =SUM('ADVANCE:ELECTION DAY'!Q5) -> 29 | R5: =SUM('ADVANCE:ELECTION DAY'!R5) -> 15 | S5: =SUM('ADVANCE:ELECTION DAY'!S5) -> 62 | T5: =SUM('ADVANCE:ELECTION DAY'!T5) -> 30 | U5: =SUM('ADVANCE:ELECTION DAY'!U5) -> 12 | V5: =SUM('ADVANCE:ELECTION DAY'!V5) -> 16 | W5: =SUM('ADVANCE:ELECTION DAY'!W5) -> 76 | X5: =SUM('ADVANCE:ELECTION DAY'!X5) -> 92 | Y5: =SUM(E5:X5) -> 983
C6: Harris/Walz | D6: Dem. | E6: =SUM('ADVANCE:ELECTION DAY'!E6) -> 0 | F6: =SUM('ADVANCE:ELECTION DAY'!F6) -> 5 | G6: =SUM('ADVANCE:ELECTION DAY'!G6) -> 5 | H6: =SUM('ADVANCE:ELECTION DAY'!H6) -> 7 | I6: =SUM('ADVANCE:ELECTION DAY'!I6) -> 8 | J6: =SUM('ADVANCE:ELECTION DAY'!J6) -> 15 | K6: =SUM('ADVANCE:ELECTION DAY'!K6) -> 70 | L6: =SUM('ADVANCE:ELECTION DAY'!L6) -> 28 | ... N6: =SUM('ADVANCE:ELECTION DAY'!N6) -> 7 | O6: Harris/Walz | P6: Dem. | Q6: =SUM('ADVANCE:ELECTION DAY'!Q6) -> 3 | R6: =SUM('ADVANCE:ELECTION DAY'!R6) -> 1 | S6: =SUM('ADVANCE:ELECTION DAY'!S6) -> 8 | T6: =SUM('ADVANCE:ELECTION DAY'!T6) -> 1 | U6: =SUM('ADVANCE:ELECTION DAY'!U6) -> 9 | V6: =SUM('ADVANCE:ELECTION DAY'!V6) -> 0 | W6: =SUM('ADVANCE:ELECTION DAY'!W6) -> 9 | X6: =SUM('ADVANCE:ELECTION DAY'!X6) -> 16 | Y6: =SUM(E6:X6) -> 192
C7: Kennedy Jr./Shanahan | D7: Indep. | E7: =SUM('ADVANCE:ELECTION DAY'!E7) -> 0 | F7: =SUM('ADVANCE:ELECTION DAY'!F7) -> 0 | G7: =SUM('ADVANCE:ELECTION DAY'!G7) -> 1 | H7: =SUM('ADVANCE:ELECTION DAY'!H7) -> 0 | I7: =SUM('ADVANCE:ELECTION DAY'!I7) -> 0 | J7: =SUM('ADVANCE:ELECTION DAY'!J7) -> 3 | K7: =SUM('ADVANCE:ELECTION DAY'!K7) -> 11 | L7: =SUM('ADVANCE:ELECTION DAY'!L7) -> 1 | ... N7: =SUM('ADVANCE:ELECTION DAY'!N7) -> 0 | O7: Kennedy Jr./Shanahan | P7: Indep. | Q7: =SUM('ADVANCE:ELECTION DAY'!Q7) -> 0 | R7: =SUM('ADVANCE:ELECTION DAY'!R7) -> 1 | S7: =SUM('ADVANCE:ELECTION DAY'!S7) -> 0 | T7: =SUM('ADVANCE:ELECTION DAY'!T7) -> 0 | U7: =SUM('ADVANCE:ELECTION DAY'!U7) -> 0 | V7: =SUM('ADVANCE:ELECTION DAY'!V7) -> 0 | W7: =SUM('ADVANCE:ELECTION DAY'!W7) -> 1 | X7: =SUM('ADVANCE:ELECTION DAY'!X7) -> 0 | Y7: =SUM(E7:X7) -> 18
C8: Oliver/ ter Maat | D8: Lib. | E8: =SUM('ADVANCE:ELECTION DAY'!E8) -> 0 | F8: =SUM('ADVANCE:ELECTION DAY'!F8) -> 0 | G8: =SUM('ADVANCE:ELECTION DAY'!G8) -> 0 | H8: =SUM('ADVANCE:ELECTION DAY'!H8) -> 0 | I8: =SUM('ADVANCE:ELECTION DAY'!I8) -> 0 | J8: =SUM('ADVANCE:ELECTION DAY'!J8) -> 0 | K8: =SUM('ADVANCE:ELECTION DAY'!K8) -> 1 | L8: =SUM('ADVANCE:ELECTION DAY'!L8) -> 0 | ... N8: =SUM('ADVANCE:ELECTION DAY'!N8) -> 0 | O8: Oliver/ ter Maat | P8: Lib. | Q8: =SUM('ADVANCE:ELECTION DAY'!Q8) -> 0 | R8: =SUM('ADVANCE:ELECTION DAY'!R8) -> 0 | S8: =SUM('ADVANCE:ELECTION DAY'!S8) -> 0 | T8: =SUM('ADVANCE:ELECTION DAY'!T8) -> 0 | U8: =SUM('ADVANCE:ELECTION DAY'!U8) -> 0 | V8: =SUM('ADVANCE:ELECTION DAY'!V8) -> 0 | W8: =SUM('ADVANCE:ELECTION DAY'!W8) -> 0 | X8: =SUM('ADVANCE:ELECTION DAY'!X8) -> 0 | Y8: =SUM(E8:X8) -> 1
B9: UNITED STATES REPRESENTATIVE 1ST DISTRICT | O9: UNITED STATES REPRESENTATIVE 1ST DISTRICT
C10: Paul Buskirk | D10: Dem. | E10: =SUM('ADVANCE:ELECTION DAY'!E10) -> 0 | F10: =SUM('ADVANCE:ELECTION DAY'!F10) -> 4 | G10: =SUM('ADVANCE:ELECTION DAY'!G10) -> 4 | H10: =SUM('ADVANCE:ELECTION DAY'!H10) -> 7 | I10: =SUM('ADVANCE:ELECTION DAY'!I10) -> 6 | J10: =SUM('ADVANCE:ELECTION DAY'!J10) -> 10 | K10: =SUM('ADVANCE:ELECTION DAY'!K10) -> 53 | L10: =SUM('ADVANCE:ELECTION DAY'!L10) -> 19 | ... N10: =SUM('ADVANCE:ELECTION DAY'!N10) -> 4 | O10: Paul Buskirk | P10: Dem. | Q10: =SUM('ADVANCE:ELECTION DAY'!Q10) -> 0 | R10: =SUM('ADVANCE:ELECTION DAY'!R10) -> 0 | S10: =SUM('ADVANCE:ELECTION DAY'!S10) -> 6 | T10: =SUM('ADVANCE:ELECTION DAY'!T10) -> 0 | U10: =SUM('ADVANCE:ELECTION DAY'!U10) -> 8 | V10: =SUM('ADVANCE:ELECTION DAY'!V10) -> 0 | W10: =SUM('ADVANCE:ELECTION DAY'!W10) -> 6 | X10: =SUM('ADVANCE:ELECTION DAY'!X10) -> 13 | Y10: =SUM(E10:X10) -> 140
C11: Tracey Mann | D11: Rep. | E11: =SUM('ADVANCE:ELECTION DAY'!E11) -> 20 | F11: =SUM('ADVANCE:ELECTION DAY'!F11) -> 48 | G11: =SUM('ADVANCE:ELECTION DAY'!G11) -> 39 | H11: =SUM('ADVANCE:ELECTION DAY'!H11) -> 27 | I11: =SUM('ADVANCE:ELECTION DAY'!I11) -> 24 | J11: =SUM('ADVANCE:ELECTION DAY'!J11) -> 75 | K11: =SUM('ADVANCE:ELECTION DAY'!K11) -> 265 | L11: =SUM('ADVANCE:ELECTION DAY'!L11) -> 117 | ... N11: =SUM('ADVANCE:ELECTION DAY'!N11) -> 41 | O11: Tracey Mann | P11: Rep. | Q11: =SUM('ADVANCE:ELECTION DAY'!Q11) -> 32 | R11: =SUM('ADVANCE:ELECTION DAY'!R11) -> 17 | S11: =SUM('ADVANCE:ELECTION DAY'!S11) -> 63 | T11: =SUM('ADVANCE:ELECTION DAY'!T11) -> 30 | U11: =SUM('ADVANCE:ELECTION DAY'!U11) -> 13 | V11: =SUM('ADVANCE:ELECTION DAY'!V11) -> 14 | W11: =SUM('ADVANCE:ELECTION DAY'!W11) -> 79 | X11: =SUM('ADVANCE:ELECTION DAY'!X11) -> 94 | Y11: =SUM(E11:X11) -> 1004
E12: =SUM('ADVANCE:ELECTION DAY'!E12) -> 0 | F12: =SUM('ADVANCE:ELECTION DAY'!F12) -> 0 | G12: =SUM('ADVANCE:ELECTION DAY'!G12) -> 0 | H12: =SUM('ADVANCE:ELECTION DAY'!H12) -> 0 | I12: =SUM('ADVANCE:ELECTION DAY'!I12) -> 0 | J12: =SUM('ADVANCE:ELECTION DAY'!J12) -> 0 | K12: =SUM('ADVANCE:ELECTION DAY'!K12) -> 0 | L12: =SUM('ADVANCE:ELECTION DAY'!L12) -> 0 | ... N12: =SUM('ADVANCE:ELECTION DAY'!N12) -> 0 | Q12: =SUM('ADVANCE:ELECTION DAY'!Q12) -> 0 | R12: =SUM('ADVANCE:ELECTION DAY'!R12) -> 0 | S12: =SUM('ADVANCE:ELECTION DAY'!S12) -> 0 | T12: =SUM('ADVANCE:ELECTION DAY'!T12) -> 0 | U12: =SUM('ADVANCE:ELECTION DAY'!U12) -> 0 | V12: =SUM('ADVANCE:ELECTION DAY'!V12) -> 0 | W12: =SUM('ADVANCE:ELECTION DAY'!W12) -> 0 | X12: =SUM('ADVANCE:ELECTION DAY'!X12) -> 0
B13: STATE SENATOR 40TH DISTRICT | O13: STATE SENATOR 40TH DISTRICT
C14: Richard (Rick) Billinger | D14: Rep. | E14: =SUM('ADVANCE:ELECTION DAY'!E14) -> 20 | F14: =SUM('ADVANCE:ELECTION DAY'!F14) -> 48 | G14: =SUM('ADVANCE:ELECTION DAY'!G14) -> 41 | H14: =SUM('ADVANCE:ELECTION DAY'!H14) -> 31 | I14: =SUM('ADVANCE:ELECTION DAY'!I14) -> 28 | J14: =SUM('ADVANCE:ELECTION DAY'!J14) -> 72 | K14: =SUM('ADVANCE:ELECTION DAY'!K14) -> 285 | L14: =SUM('ADVANCE:ELECTION DAY'!L14) -> 119 | ... N14: =SUM('ADVANCE:ELECTION DAY'!N14) -> 44 | O14: Richard (Rick) Billinger | P14: Rep. | Q14: =SUM('ADVANCE:ELECTION DAY'!Q14) -> 32 | R14: =SUM('ADVANCE:ELECTION DAY'!R14) -> 16 | S14: =SUM('ADVANCE:ELECTION DAY'!S14) -> 66 | T14: =SUM('ADVANCE:ELECTION DAY'!T14) -> 31 | U14: =SUM('ADVANCE:ELECTION DAY'!U14) -> 18 | V14: =SUM('ADVANCE:ELECTION DAY'!V14) -> 15 | W14: =SUM('ADVANCE:ELECTION DAY'!W14) -> 76 | X14: =SUM('ADVANCE:ELECTION DAY'!X14) -> 98 | Y14: =SUM(E14:X14) -> 1045
B15: STATE REPRESENTATIVE 110TH DISTRICT | O15: STATE REPRESENTATIVE 110TH DISTRICT
C16: ellace Henderson | D16: Dem. | E16: =SUM('ADVANCE:ELECTION DAY'!E16) -> 0 | F16: =SUM('ADVANCE:ELECTION DAY'!F16) -> 7 | G16: =SUM('ADVANCE:ELECTION DAY'!G16) -> 5 | H16: =SUM('ADVANCE:ELECTION DAY'!H16) -> 6 | I16: =SUM('ADVANCE:ELECTION DAY'!I16) -> 7 | J16: =SUM('ADVANCE:ELECTION DAY'!J16) -> 16 | K16: =SUM('ADVANCE:ELECTION DAY'!K16) -> 58 | L16: =SUM('ADVANCE:ELECTION DAY'!L16) -> 24 | ... N16: =SUM('ADVANCE:ELECTION DAY'!N16) -> 5 | O16: ellace Henderson | P16: Dem. | Q16: =SUM('ADVANCE:ELECTION DAY'!Q16) -> 1 | R16: =SUM('ADVANCE:ELECTION DAY'!R16) -> 2 | S16: =SUM('ADVANCE:ELECTION DAY'!S16) -> 9 | T16: =SUM('ADVANCE:ELECTION DAY'!T16) -> 0 | U16: =SUM('ADVANCE:ELECTION DAY'!U16) -> 9 | V16: =SUM('ADVANCE:ELECTION DAY'!V16) -> 1 | W16: =SUM('ADVANCE:ELECTION DAY'!W16) -> 8 | X16: =SUM('ADVANCE:ELECTION DAY'!X16) -> 13 | Y16: =SUM(E16:X16) -> 171
C17: Ken Rahjes | D17: Rep. | E17: =SUM('ADVANCE:ELECTION DAY'!E17) -> 20 | F17: =SUM('ADVANCE:ELECTION DAY'!F17) -> 38 | G17: =SUM('ADVANCE:ELECTION DAY'!G17) -> 39 | H17: =SUM('ADVANCE:ELECTION DAY'!H17) -> 28 | I17: =SUM('ADVANCE:ELECTION DAY'!I17) -> 23 | J17: =SUM('ADVANCE:ELECTION DAY'!J17) -> 67 | K17: =SUM('ADVANCE:ELECTION DAY'!K17) -> 244 | L17: =SUM('ADVANCE:ELECTION DAY'!L17) -> 105 | ... N17: =SUM('ADVANCE:ELECTION DAY'!N17) -> 39 | O17: Ken Rahjes | P17: Rep. | Q17: =SUM('ADVANCE:ELECTION DAY'!Q17) -> 30 | R17: =SUM('ADVANCE:ELECTION DAY'!R17) -> 15 | S17: =SUM('ADVANCE:ELECTION DAY'!S17) -> 58 | T17: =SUM('ADVANCE:ELECTION DAY'!T17) -> 31 | U17: =SUM('ADVANCE:ELECTION DAY'!U17) -> 12 | V17: =SUM('ADVANCE:ELECTION DAY'!V17) -> 13 | W17: =SUM('ADVANCE:ELECTION DAY'!W17) -> 76 | X17: =SUM('ADVANCE:ELECTION DAY'!X17) -> 92 | Y17: =SUM(E17:X17) -> 935
B18: DISTRICT COURT JUDGE 17TH DISTRICT 1ST DIVISION | O18: DISTRICT COURT JUDGE 17TH DISTRICT 1ST DIVISION
C19: Jesse A. Thompson | D19: Rep. | E19: =SUM('ADVANCE:ELECTION DAY'!E19) -> 19 | F19: =SUM('ADVANCE:ELECTION DAY'!F19) -> 43 | G19: =SUM('ADVANCE:ELECTION DAY'!G19) -> 42 | H19: =SUM('ADVANCE:ELECTION DAY'!H19) -> 31 | I19: =SUM('ADVANCE:ELECTION DAY'!I19) -> 27 | J19: =SUM('ADVANCE:ELECTION DAY'!J19) -> 72 | K19: =SUM('ADVANCE:ELECTION DAY'!K19) -> 281 | L19: =SUM('ADVANCE:ELECTION DAY'!L19) -> 127 | ... N19: =SUM('ADVANCE:ELECTION DAY'!N19) -> 42 | O19: Jesse A. Thompson | P19: Rep. | Q19: =SUM('ADVANCE:ELECTION DAY'!Q19) -> 30 | R19: =SUM('ADVANCE:ELECTION DAY'!R19) -> 16 | S19: =SUM('ADVANCE:ELECTION DAY'!S19) -> 66 | T19: =SUM('ADVANCE:ELECTION DAY'!T19) -> 26 | U19: =SUM('ADVANCE:ELECTION DAY'!U19) -> 18 | V19: =SUM('ADVANCE:ELECTION DAY'!V19) -> 15 | W19: =SUM('ADVANCE:ELECTION DAY'!W19) -> 75 | X19: =SUM('ADVANCE:ELECTION DAY'!X19) -> 99 | Y19: =SUM(E19:X19) -> 1032
E20: =SUM('ADVANCE:ELECTION DAY'!E20) -> 0 | F20: =SUM('ADVANCE:ELECTION DAY'!F20) -> 0 | G20: =SUM('ADVANCE:ELECTION DAY'!G20) -> 0 | H20: =SUM('ADVANCE:ELECTION DAY'!H20) -> 0 | I20: =SUM('ADVANCE:ELECTION DAY'!I20) -> 0 | J20: =SUM('ADVANCE:ELECTION DAY'!J20) -> 0 | K20: =SUM('ADVANCE:ELECTION DAY'!K20) -> 0 | L20: =SUM('ADVANCE:ELECTION DAY'!L20) -> 0 | ... N20: =SUM('ADVANCE:ELECTION DAY'!N20) -> 0 | Q20: =SUM('ADVANCE:ELECTION DAY'!Q20) -> 0 | R20: =SUM('ADVANCE:ELECTION DAY'!R20) -> 0 | S20: =SUM('ADVANCE:ELECTION DAY'!S20) -> 0 | T20: =SUM('ADVANCE:ELECTION DAY'!T20) -> 0 | U20: =SUM('ADVANCE:ELECTION DAY'!U20) -> 0 | V20: =SUM('ADVANCE:ELECTION DAY'!V20) -> 0 | W20: =SUM('ADVANCE:ELECTION DAY'!W20) -> 0 | X20: =SUM('ADVANCE:ELECTION DAY'!X20) -> 0
B21: DISTRICT COURT JUDGE 17TH DISTRICT 2ND DIVISION | O21: DISTRICT COURT JUDGE 17TH DISTRICT 2ND DIVISION
C22: Paula D. Hofaker | D22: Rep. | E22: =SUM('ADVANCE:ELECTION DAY'!E22) -> 20 | F22: =SUM('ADVANCE:ELECTION DAY'!F22) -> 42 | G22: =SUM('ADVANCE:ELECTION DAY'!G22) -> 40 | H22: =SUM('ADVANCE:ELECTION DAY'!H22) -> 30 | I22: =SUM('ADVANCE:ELECTION DAY'!I22) -> 25 | J22: =SUM('ADVANCE:ELECTION DAY'!J22) -> 67 | K22: =SUM('ADVANCE:ELECTION DAY'!K22) -> 268 | L22: =SUM('ADVANCE:ELECTION DAY'!L22) -> 116 | ... N22: =SUM('ADVANCE:ELECTION DAY'!N22) -> 43 | O22: Paula D. Hofaker | P22: Rep. | Q22: =SUM('ADVANCE:ELECTION DAY'!Q22) -> 29 | R22: =SUM('ADVANCE:ELECTION DAY'!R22) -> 17 | S22: =SUM('ADVANCE:ELECTION DAY'!S22) -> 64 | T22: =SUM('ADVANCE:ELECTION DAY'!T22) -> 29 | U22: =SUM('ADVANCE:ELECTION DAY'!U22) -> 17 | V22: =SUM('ADVANCE:ELECTION DAY'!V22) -> 11 | W22: =SUM('ADVANCE:ELECTION DAY'!W22) -> 74 | X22: =SUM('ADVANCE:ELECTION DAY'!X22) -> 98 | Y22: =SUM(E22:X22) -> 994
B23: DISTRICT MAGISTRATE JUDGE 17TH DISTRICT 1ST POSITION | O23: DISTRICT MAGISTRATE JUDGE 17TH DISTRICT 1ST POSITION
C24: Morgan Nutting | D24: Rep. | E24: =SUM('ADVANCE:ELECTION DAY'!E24) -> 19 | F24: =SUM('ADVANCE:ELECTION DAY'!F24) -> 41 | G24: =SUM('ADVANCE:ELECTION DAY'!G24) -> 41 | H24: =SUM('ADVANCE:ELECTION DAY'!H24) -> 31 | I24: =SUM('ADVANCE:ELECTION DAY'!I24) -> 25 | J24: =SUM('ADVANCE:ELECTION DAY'!J24) -> 74 | K24: =SUM('ADVANCE:ELECTION DAY'!K24) -> 289 | L24: =SUM('ADVANCE:ELECTION DAY'!L24) -> 130 | ... N24: =SUM('ADVANCE:ELECTION DAY'!N24) -> 38 | O24: Morgan Nutting | P24: Rep. | Q24: =SUM('ADVANCE:ELECTION DAY'!Q24) -> 30 | R24: =SUM('ADVANCE:ELECTION DAY'!R24) -> 16 | S24: =SUM('ADVANCE:ELECTION DAY'!S24) -> 58 | T24: =SUM('ADVANCE:ELECTION DAY'!T24) -> 26 | U24: =SUM('ADVANCE:ELECTION DAY'!U24) -> 15 | V24: =SUM('ADVANCE:ELECTION DAY'!V24) -> 15 | W24: =SUM('ADVANCE:ELECTION DAY'!W24) -> 74 | X24: =SUM('ADVANCE:ELECTION DAY'!X24) -> 99 | Y24: =SUM(E24:X24) -> 1026
B30: November 5th, 2024
B31: TOTALS
B33: NAME OF OFFICE | C33: NAME OF PERSON VOTED FOR | D33: PARTY | E33: ALLODIUM | F33: BRYANT | G33: GETTYSBURG | H33: GRAHAM | I33: HAPPPY | J33: HILL CITY #1 | K33: HILL CITY #2 | L33: HILL CITY #3 | M33: HILL CITY TWP #71 | N33: HILL CITY TWP #72 | O33: NAME OF PERSON VOTED FOR | P33: PARTY | Q33: HILL CITY TWP #73 | R33: INDIANA | S33: MILLBROOK | T33: MORLAN | U33: NICODEMUS | V33: PIONEER | W33: SOLOMON | X33: WILDHORSE | Y33: TOTAL
B34: COUNTY COMMISSIONER 2ND DISTRICT | O34: COUNTY COMMISSIONER 2ND DISTRICT
C35: Jason Nelson | D35: Rep | E35: =SUM('ADVANCE:ELECTION DAY'!E35) -> 0 | F35: =SUM('ADVANCE:ELECTION DAY'!F35) -> 0 | G35: =SUM('ADVANCE:ELECTION DAY'!G35) -> 0 | H35: =SUM('ADVANCE:ELECTION DAY'!H35) -> 32 | I35: =SUM('ADVANCE:ELECTION DAY'!I35) -> 0 | J35: =SUM('ADVANCE:ELECTION DAY'!J35) -> 0 | K35: =SUM('ADVANCE:ELECTION DAY'!K35) -> 252 | L35: =SUM('ADVANCE:ELECTION DAY'!L35) -> 0 | ... N35: =SUM('ADVANCE:ELECTION DAY'!N35) -> 35 | O35: Jason Nelson | P35: Rep | Q35: =SUM('ADVANCE:ELECTION DAY'!Q35) -> 0 | R35: =SUM('ADVANCE:ELECTION DAY'!R35) -> 0 | S35: =SUM('ADVANCE:ELECTION DAY'!S35) -> 0 | T35: =SUM('ADVANCE:ELECTION DAY'!T35) -> 0 | U35: =SUM('ADVANCE:ELECTION DAY'!U35) -> 16 | V35: =SUM('ADVANCE:ELECTION DAY'!V35) -> 17 | W35: =SUM('ADVANCE:ELECTION DAY'!W35) -> 0 | X35: =SUM('ADVANCE:ELECTION DAY'!X35) -> 0 | Y35: =E35+F35+G35+H35+I35+J35+K35+L35+M35+N35+Q35+R35+S35+T35+U35+V35+W35+X35 -> 352
E36: =SUM('ADVANCE:ELECTION DAY'!E36) -> 0 | F36: =SUM('ADVANCE:ELECTION DAY'!F36) -> 0 | G36: =SUM('ADVANCE:ELECTION DAY'!G36) -> 0 | H36: =SUM('ADVANCE:ELECTION DAY'!H36) -> 0 | I36: =SUM('ADVANCE:ELECTION DAY'!I36) -> 0 | J36: =SUM('ADVANCE:ELECTION DAY'!J36) -> 0 | K36: =SUM('ADVANCE:ELECTION DAY'!K36) -> 0 | L36: =SUM('ADVANCE:ELECTION DAY'!L36) -> 0 | ... N36: =SUM('ADVANCE:ELECTION DAY'!N36) -> 0 | Q36: =SUM('ADVANCE:ELECTION DAY'!Q36) -> 0 | R36: =SUM('ADVANCE:ELECTION DAY'!R36) -> 0 | S36: =SUM('ADVANCE:ELECTION DAY'!S36) -> 0 | T36: =SUM('ADVANCE:ELECTION DAY'!T36) -> 0 | U36: =SUM('ADVANCE:ELECTION DAY'!U36) -> 0 | V36: =SUM('ADVANCE:ELECTION DAY'!V36) -> 0 | W36: =SUM('ADVANCE:ELECTION DAY'!W36) -> 0 | X36: =SUM('ADVANCE:ELECTION DAY'!X36) -> 0 | Y36: =E36+F36+G36+H36+I36+J36+K36+L36+M36+N36+Q36+R36+S36+T36+U36+V36+W36+X36 -> 0
B37: COUNTY COMMISSIONER 3RD DISTRICT | O37: COUNTY COMMISSIONER 3RD DISTRICT
C38: Dan Irby | D38: Rep | E38: =SUM('ADVANCE:ELECTION DAY'!E38) -> 0 | F38: =SUM('ADVANCE:ELECTION DAY'!F38) -> 0 | G38: =SUM('ADVANCE:ELECTION DAY'!G38) -> 0 | H38: =SUM('ADVANCE:ELECTION DAY'!H38) -> 0 | I38: =SUM('ADVANCE:ELECTION DAY'!I38) -> 30 | J38: =SUM('ADVANCE:ELECTION DAY'!J38) -> 0 | K38: =SUM('ADVANCE:ELECTION DAY'!K38) -> 0 | L38: =SUM('ADVANCE:ELECTION DAY'!L38) -> 122 | ... N38: =SUM('ADVANCE:ELECTION DAY'!N38) -> 0 | O38: Dan Irby | P38: Rep | Q38: =SUM('ADVANCE:ELECTION DAY'!Q38) -> 29 | R38: =SUM('ADVANCE:ELECTION DAY'!R38) -> 0 | S38: =SUM('ADVANCE:ELECTION DAY'!S38) -> 60 | T38: =SUM('ADVANCE:ELECTION DAY'!T38) -> 30 | U38: =SUM('ADVANCE:ELECTION DAY'!U38) -> 0 | V38: =SUM('ADVANCE:ELECTION DAY'!V38) -> 0 | W38: =SUM('ADVANCE:ELECTION DAY'!W38) -> 0 | X38: =SUM('ADVANCE:ELECTION DAY'!X38) -> 96 | Y38: =E38+F38+G38+H38+I38+J38+K38+L38+M38+N38+Q38+R38+S38+T38+U38+V38+W38+X38 -> 367
E39: =SUM('ADVANCE:ELECTION DAY'!E39) -> 0 | F39: =SUM('ADVANCE:ELECTION DAY'!F39) -> 0 | G39: =SUM('ADVANCE:ELECTION DAY'!G39) -> 0 | H39: =SUM('ADVANCE:ELECTION DAY'!H39) -> 0 | I39: =SUM('ADVANCE:ELECTION DAY'!I39) -> 0 | J39: =SUM('ADVANCE:ELECTION DAY'!J39) -> 0 | K39: =SUM('ADVANCE:ELECTION DAY'!K39) -> 0 | L39: =SUM('ADVANCE:ELECTION DAY'!L39) -> 0 | ... N39: =SUM('ADVANCE:ELECTION DAY'!N39) -> 0 | Q39: =SUM('ADVANCE:ELECTION DAY'!Q39) -> 0 | R39: =SUM('ADVANCE:ELECTION DAY'!R39) -> 0 | S39: =SUM('ADVANCE:ELECTION DAY'!S39) -> 0 | T39: =SUM('ADVANCE:ELECTION DAY'!T39) -> 0 | U39: =SUM('ADVANCE:ELECTION DAY'!U39) -> 0 | V39: =SUM('ADVANCE:ELECTION DAY'!V39) -> 0 | W39: =SUM('ADVANCE:ELECTION DAY'!W39) -> 0 | X39: =SUM('ADVANCE:ELECTION DAY'!X39) -> 0 | Y39: =E39+F39+G39+H39+I39+J39+K39+L39+M39+N39+Q39+R39+S39+T39+U39+V39+W39+X39 -> 0
B40: COUNTY CLERK | O40: COUNTY CLERK
C41: Kendra Robinson | D41: Rep. | E41: =SUM('ADVANCE:ELECTION DAY'!E41) -> 20 | F41: =SUM('ADVANCE:ELECTION DAY'!F41) -> 46 | G41: =SUM('ADVANCE:ELECTION DAY'!G41) -> 40 | H41: =SUM('ADVANCE:ELECTION DAY'!H41) -> 28 | I41: =SUM('ADVANCE:ELECTION DAY'!I41) -> 29 | J41: =SUM('ADVANCE:ELECTION DAY'!J41) -> 74 | K41: =SUM('ADVANCE:ELECTION DAY'!K41) -> 286 | L41: =SUM('ADVANCE:ELECTION DAY'!L41) -> 117 | ... N41: =SUM('ADVANCE:ELECTION DAY'!N41) -> 43 | O41: Kendra Robinson | P41: Rep. | Q41: =SUM('ADVANCE:ELECTION DAY'!Q41) -> 30 | R41: =SUM('ADVANCE:ELECTION DAY'!R41) -> 16 | S41: =SUM('ADVANCE:ELECTION DAY'!S41) -> 62 | T41: =SUM('ADVANCE:ELECTION DAY'!T41) -> 30 | U41: =SUM('ADVANCE:ELECTION DAY'!U41) -> 18 | V41: =SUM('ADVANCE:ELECTION DAY'!V41) -> 15 | W41: =SUM('ADVANCE:ELECTION DAY'!W41) -> 80 | X41: =SUM('ADVANCE:ELECTION DAY'!X41) -> 99 | Y41: =E41+F41+G41+H41+I41+J41+K41+L41+M41+N41+Q41+R41+S41+T41+U41+V41+W41+X41 -> 1037
B42: COUNTY TREASURER | O42: COUNTY TREASURER
C43: Jerilyn Keith | D43: Rep | E43: =SUM('ADVANCE:ELECTION DAY'!E43) -> 20 | F43: =SUM('ADVANCE:ELECTION DAY'!F43) -> 46 | G43: =SUM('ADVANCE:ELECTION DAY'!G43) -> 42 | H43: =SUM('ADVANCE:ELECTION DAY'!H43) -> 32 | I43: =SUM('ADVANCE:ELECTION DAY'!I43) -> 29 | J43: =SUM('ADVANCE:ELECTION DAY'!J43) -> 76 | K43: =SUM('ADVANCE:ELECTION DAY'!K43) -> 295 | L43: =SUM('ADVANCE:ELECTION DAY'!L43) -> 125 | ... N43: =SUM('ADVANCE:ELECTION DAY'!N43) -> 44 | O43: Jerilyn Keith | P43: Rep | Q43: =SUM('ADVANCE:ELECTION DAY'!Q43) -> 29 | R43: =SUM('ADVANCE:ELECTION DAY'!R43) -> 17 | S43: =SUM('ADVANCE:ELECTION DAY'!S43) -> 65 | T43: =SUM('ADVANCE:ELECTION DAY'!T43) -> 30 | U43: =SUM('ADVANCE:ELECTION DAY'!U43) -> 18 | V43: =SUM('ADVANCE:ELECTION DAY'!V43) -> 16 | W43: =SUM('ADVANCE:ELECTION DAY'!W43) -> 77 | X43: =SUM('ADVANCE:ELECTION DAY'!X43) -> 100 | Y43: =E43+F43+G43+H43+I43+J43+K43+L43+M43+N43+Q43+R43+S43+T43+U43+V43+W43+X43 -> 1066
E44: =SUM('ADVANCE:ELECTION DAY'!E44) -> 0 | F44: =SUM('ADVANCE:ELECTION DAY'!F44) -> 0 | G44: =SUM('ADVANCE:ELECTION DAY'!G44) -> 0 | H44: =SUM('ADVANCE:ELECTION DAY'!H44) -> 0 | I44: =SUM('ADVANCE:ELECTION DAY'!I44) -> 0 | J44: =SUM('ADVANCE:ELECTION DAY'!J44) -> 0 | K44: =SUM('ADVANCE:ELECTION DAY'!K44) -> 0 | L44: =SUM('ADVANCE:ELECTION DAY'!L44) -> 0 | ... N44: =SUM('ADVANCE:ELECTION DAY'!N44) -> 0 | Q44: =SUM('ADVANCE:ELECTION DAY'!Q44) -> 0 | R44: =SUM('ADVANCE:ELECTION DAY'!R44) -> 0 | S44: =SUM('ADVANCE:ELECTION DAY'!S44) -> 0 | T44: =SUM('ADVANCE:ELECTION DAY'!T44) -> 0 | U44: =SUM('ADVANCE:ELECTION DAY'!U44) -> 0 | V44: =SUM('ADVANCE:ELECTION DAY'!V44) -> 0 | W44: =SUM('ADVANCE:ELECTION DAY'!W44) -> 0 | X44: =SUM('ADVANCE:ELECTION DAY'!X44) -> 0 | Y44: =E44+F44+G44+H44+I44+J44+K44+L44+M44+N44+Q44+R44+S44+T44+U44+V44+W44+X44 -> 0
B45: COUNTY REGISTER OF DEEDS | O45: COUNTY REGISTER OF DEEDS
C46: Dani Roeder | D46: Rep | E46: =SUM('ADVANCE:ELECTION DAY'!E46) -> 15 | F46: =SUM('ADVANCE:ELECTION DAY'!F46) -> 38 | G46: =SUM('ADVANCE:ELECTION DAY'!G46) -> 29 | H46: =SUM('ADVANCE:ELECTION DAY'!H46) -> 23 | I46: =SUM('ADVANCE:ELECTION DAY'!I46) -> 24 | J46: =SUM('ADVANCE:ELECTION DAY'!J46) -> 46 | K46: =SUM('ADVANCE:ELECTION DAY'!K46) -> 240 | L46: =SUM('ADVANCE:ELECTION DAY'!L46) -> 89 | ... N46: =SUM('ADVANCE:ELECTION DAY'!N46) -> 16 | O46: Dani Roeder | P46: Rep | Q46: =SUM('ADVANCE:ELECTION DAY'!Q46) -> 25 | R46: =SUM('ADVANCE:ELECTION DAY'!R46) -> 12 | S46: =SUM('ADVANCE:ELECTION DAY'!S46) -> 41 | T46: =SUM('ADVANCE:ELECTION DAY'!T46) -> 29 | U46: =SUM('ADVANCE:ELECTION DAY'!U46) -> 17 | V46: =SUM('ADVANCE:ELECTION DAY'!V46) -> 4 | W46: =SUM('ADVANCE:ELECTION DAY'!W46) -> 54 | X46: =SUM('ADVANCE:ELECTION DAY'!X46) -> 87 | Y46: =E46+F46+G46+H46+I46+J46+K46+L46+M46+N46+Q46+R46+S46+T46+U46+V46+W46+X46 -> 789
C47: Kelli VanLoenen Write-In | D47: Rep | E47: =SUM('ADVANCE:ELECTION DAY'!E47) -> 5 | F47: =SUM('ADVANCE:ELECTION DAY'!F47) -> 3 | G47: =SUM('ADVANCE:ELECTION DAY'!G47) -> 13 | H47: =SUM('ADVANCE:ELECTION DAY'!H47) -> 11 | I47: =SUM('ADVANCE:ELECTION DAY'!I47) -> 4 | J47: =SUM('ADVANCE:ELECTION DAY'!J47) -> 33 | K47: =SUM('ADVANCE:ELECTION DAY'!K47) -> 86 | L47: =SUM('ADVANCE:ELECTION DAY'!L47) -> 39 | ... N47: =SUM('ADVANCE:ELECTION DAY'!N47) -> 22 | O47: Kelli VanLoenen Write-In | P47: Rep | Q47: =SUM('ADVANCE:ELECTION DAY'!Q47) -> 4 | R47: =SUM('ADVANCE:ELECTION DAY'!R47) -> 4 | S47: =SUM('ADVANCE:ELECTION DAY'!S47) -> 26 | T47: =SUM('ADVANCE:ELECTION DAY'!T47) -> 2 | U47: =SUM('ADVANCE:ELECTION DAY'!U47) -> 2 | V47: =SUM('ADVANCE:ELECTION DAY'!V47) -> 9 | W47: =SUM('ADVANCE:ELECTION DAY'!W47) -> 22 | X47: =SUM('ADVANCE:ELECTION DAY'!X47) -> 18 | Y47: =E47+F47+G47+H47+I47+J47+K47+L47+M47+N47+Q47+R47+S47+T47+U47+V47+W47+X47 -> 309
B48: COUNTY ATTORNEY | O48: COUNTY ATTORNEY
C49: Michael Abbott | D49: Rep | E49: =SUM('ADVANCE:ELECTION DAY'!E49) -> 20 | F49: =SUM('ADVANCE:ELECTION DAY'!F49) -> 42 | G49: =SUM('ADVANCE:ELECTION DAY'!G49) -> 40 | H49: =SUM('ADVANCE:ELECTION DAY'!H49) -> 31 | I49: =SUM('ADVANCE:ELECTION DAY'!I49) -> 23 | J49: =SUM('ADVANCE:ELECTION DAY'!J49) -> 71 | K49: =SUM('ADVANCE:ELECTION DAY'!K49) -> 269 | L49: =SUM('ADVANCE:ELECTION DAY'!L49) -> 114 | ... N49: =SUM('ADVANCE:ELECTION DAY'!N49) -> 42 | O49: Michael Abbott | P49: Rep | Q49: =SUM('ADVANCE:ELECTION DAY'!Q49) -> 30 | R49: =SUM('ADVANCE:ELECTION DAY'!R49) -> 16 | S49: =SUM('ADVANCE:ELECTION DAY'!S49) -> 62 | T49: =SUM('ADVANCE:ELECTION DAY'!T49) -> 28 | U49: =SUM('ADVANCE:ELECTION DAY'!U49) -> 18 | V49: =SUM('ADVANCE:ELECTION DAY'!V49) -> 11 | W49: =SUM('ADVANCE:ELECTION DAY'!W49) -> 76 | X49: =SUM('ADVANCE:ELECTION DAY'!X49) -> 96 | Y49: =E49+F49+G49+H49+I49+J49+K49+L49+M49+N49+Q49+R49+S49+T49+U49+V49+W49+X49 -> 992
B50: COUNTY SHERIFF | O50: COUNTY SHERIFF
C51: Les Burton | D51: Rep | E51: =SUM('ADVANCE:ELECTION DAY'!E51) -> 19 | F51: =SUM('ADVANCE:ELECTION DAY'!F51) -> 45 | G51: =SUM('ADVANCE:ELECTION DAY'!G51) -> 36 | H51: =SUM('ADVANCE:ELECTION DAY'!H51) -> 31 | I51: =SUM('ADVANCE:ELECTION DAY'!I51) -> 27 | J51: =SUM('ADVANCE:ELECTION DAY'!J51) -> 72 | K51: =SUM('ADVANCE:ELECTION DAY'!K51) -> 243 | L51: =SUM('ADVANCE:ELECTION DAY'!L51) -> 113 | ... N51: =SUM('ADVANCE:ELECTION DAY'!N51) -> 43 | O51: Les Burton | P51: Rep | Q51: =SUM('ADVANCE:ELECTION DAY'!Q51) -> 28 | R51: =SUM('ADVANCE:ELECTION DAY'!R51) -> 16 | S51: =SUM('ADVANCE:ELECTION DAY'!S51) -> 56 | T51: =SUM('ADVANCE:ELECTION DAY'!T51) -> 25 | U51: =SUM('ADVANCE:ELECTION DAY'!U51) -> 18 | V51: =SUM('ADVANCE:ELECTION DAY'!V51) -> 16 | W51: =SUM('ADVANCE:ELECTION DAY'!W51) -> 75 | X51: =SUM('ADVANCE:ELECTION DAY'!X51) -> 87 | Y51: =E51+F51+G51+H51+I51+J51+K51+L51+M51+N51+Q51+R51+S51+T51+U51+V51+W51+X51 -> 954
E52: =SUM('ADVANCE:ELECTION DAY'!E52) -> 0 | Y52: =E52+F52+G52+H52+I52+J52+K52+L52+M52+N52+Q52+R52+S52+T52+U52+V52+W52+X52 -> 0
B57: November 5th, 2024
B58: TOTALS
B60: NAME OF OFFICE | C60: NAME OF PERSON VOTED FOR | D60: PARTY | E60: ALLODIUM | F60: BRYANT | G60: GETTYSBURG | H60: GRAHAM | I60: HAPPPY | J60: HILL CITY #1 | K60: HILL CITY #2 | L60: HILL CITY #3 | M60: HILL CITY TWP #71 | N60: HILL CITY TWP #72 | O60: NAME OF PERSON VOTED FOR | P60: PARTY | Q60: HILL CITY TWP #73 | R60: INDIANA | S60: MILLBROOK | T60: MORLAN | U60: NICODEMUS | V60: PIONEER | W60: SOLOMON | X60: WILDHORSE | Y60: TOTAL
B61: TOWNSHIP TRUSTEE | O61: TOWNSHIP TRUSTEE
B62: Allodium Township | O62: Allodium Township
C63: Deborah Jackson | D63: Rep. | E63: =SUM('ADVANCE:ELECTION DAY'!E62) -> 9 | F63: =SUM('ADVANCE:ELECTION DAY'!F62) -> 0 | G63: =SUM('ADVANCE:ELECTION DAY'!G62) -> 0 | H63: =SUM('ADVANCE:ELECTION DAY'!H62) -> 0 | I63: =SUM('ADVANCE:ELECTION DAY'!I62) -> 0 | J63: =SUM('ADVANCE:ELECTION DAY'!J62) -> 0 | K63: =SUM('ADVANCE:ELECTION DAY'!K62) -> 0 | L63: =SUM('ADVANCE:ELECTION DAY'!L62) -> 0 | ... N63: =SUM('ADVANCE:ELECTION DAY'!N62) -> 0 | O63: Deborah Jackson | P63: Rep. | Q63: =SUM('ADVANCE:ELECTION DAY'!Q62) -> 0 | R63: =SUM('ADVANCE:ELECTION DAY'!R62) -> 0 | S63: =SUM('ADVANCE:ELECTION DAY'!S62) -> 0 | T63: =SUM('ADVANCE:ELECTION DAY'!T62) -> 0 | U63: =SUM('ADVANCE:ELECTION DAY'!U62) -> 0 | V63: =SUM('ADVANCE:ELECTION DAY'!V62) -> 0 | W63: =SUM('ADVANCE:ELECTION DAY'!W62) -> 0 | X63: =SUM('ADVANCE:ELECTION DAY'!X62) -> 0 | Y63: =E63+F63+G63+H63+I63+J63+K63+L63+M63+N63+Q63+R63+S63+T63+U63+V63+W63+X63 -> 9
E64: =SUM('ADVANCE:ELECTION DAY'!E64) -> 0 | F64: =SUM('ADVANCE:ELECTION DAY'!F64) -> 0 | G64: =SUM('ADVANCE:ELECTION DAY'!G64) -> 0 | H64: =SUM('ADVANCE:ELECTION DAY'!H64) -> 0 | I64: =SUM('ADVANCE:ELECTION DAY'!I64) -> 0 | J64: =SUM('ADVANCE:ELECTION DAY'!J64) -> 0 | K64: =SUM('ADVANCE:ELECTION DAY'!K64) -> 0 | L64: =SUM('ADVANCE:ELECTION DAY'!L64) -> 0 | ... O64: =SUM('ADVANCE:ELECTION DAY'!O64) -> 0 | Q64: =SUM('ADVANCE:ELECTION DAY'!Q64) -> 0 | R64: =SUM('ADVANCE:ELECTION DAY'!R64) -> 0 | S64: =SUM('ADVANCE:ELECTION DAY'!S64) -> 0 | T64: =SUM('ADVANCE:ELECTION DAY'!T64) -> 0 | U64: =SUM('ADVANCE:ELECTION DAY'!U64) -> 0 | V64: =SUM('ADVANCE:ELECTION DAY'!V64) -> 0 | W64: =SUM('ADVANCE:ELECTION DAY'!W64) -> 0 | X64: =SUM('ADVANCE:ELECTION DAY'!X64) -> 0 | Y64: =E64+F64+G64+H64+I64+J64+K64+L64+M64+N64+Q64+R64+S64+T64+U64+V64+W64+X64 -> 0
B65: Bryant Township | O65: Bryant Township
C66: Allen Nickelson | D66: Rep. | E66: =SUM('ADVANCE:ELECTION DAY'!E65) -> 0 | F66: =SUM('ADVANCE:ELECTION DAY'!F65) -> 27 | G66: =SUM('ADVANCE:ELECTION DAY'!G65) -> 0 | H66: =SUM('ADVANCE:ELECTION DAY'!H65) -> 0 | I66: =SUM('ADVANCE:ELECTION DAY'!I65) -> 0 | J66: =SUM('ADVANCE:ELECTION DAY'!J65) -> 0 | K66: =SUM('ADVANCE:ELECTION DAY'!K65) -> 0 | L66: =SUM('ADVANCE:ELECTION DAY'!L65) -> 0 | ... N66: =SUM('ADVANCE:ELECTION DAY'!N65) -> 0 | O66: Allen Nickelson | P66: Rep. | Q66: =SUM('ADVANCE:ELECTION DAY'!Q65) -> 0 | R66: =SUM('ADVANCE:ELECTION DAY'!R65) -> 0 | S66: =SUM('ADVANCE:ELECTION DAY'!S65) -> 0 | T66: =SUM('ADVANCE:ELECTION DAY'!T65) -> 0 | U66: =SUM('ADVANCE:ELECTION DAY'!U65) -> 0 | V66: =SUM('ADVANCE:ELECTION DAY'!V65) -> 0 | W66: =SUM('ADVANCE:ELECTION DAY'!W65) -> 0 | X66: =SUM('ADVANCE:ELECTION DAY'!X65) -> 0 | Y66: =E66+F66+G66+H66+I66+J66+K66+L66+M66+N66+Q66+R66+S66+T66+U66+V66+W66+X66 -> 27
E67: =SUM('ADVANCE:ELECTION DAY'!E67) -> 0 | F67: =SUM('ADVANCE:ELECTION DAY'!F67) -> 0 | G67: =SUM('ADVANCE:ELECTION DAY'!G67) -> 0 | H67: =SUM('ADVANCE:ELECTION DAY'!H67) -> 0 | I67: =SUM('ADVANCE:ELECTION DAY'!I67) -> 0 | J67: =SUM('ADVANCE:ELECTION DAY'!J67) -> 0 | K67: =SUM('ADVANCE:ELECTION DAY'!K67) -> 0 | L67: =SUM('ADVANCE:ELECTION DAY'!L67) -> 0 | ... O67: =SUM('ADVANCE:ELECTION DAY'!O67) -> 0 | Q67: =SUM('ADVANCE:ELECTION DAY'!Q67) -> 0 | R67: =SUM('ADVANCE:ELECTION DAY'!R67) -> 0 | S67: =SUM('ADVANCE:ELECTION DAY'!S67) -> 0 | T67: =SUM('ADVANCE:ELECTION DAY'!T67) -> 0 | U67: =SUM('ADVANCE:ELECTION DAY'!U67) -> 0 | V67: =SUM('ADVANCE:ELECTION DAY'!V67) -> 0 | W67: =SUM('ADVANCE:ELECTION DAY'!W67) -> 0 | X67: =SUM('ADVANCE:ELECTION DAY'!X67) -> 0 | Y67: =E67+F67+G67+H67+I67+J67+K67+L67+M67+N67+Q67+R67+S67+T67+U67+V67+W67+X67 -> 0
B68: Gettysburg Township | O68: Gettysburg Township
C69: John Goddard | D69: Rep. | E69: =SUM('ADVANCE:ELECTION DAY'!E68) -> 0 | F69: =SUM('ADVANCE:ELECTION DAY'!F68) -> 0 | G69: =SUM('ADVANCE:ELECTION DAY'!G68) -> 24 | H69: =SUM('ADVANCE:ELECTION DAY'!H68) -> 0 | I69: =SUM('ADVANCE:ELECTION DAY'!I68) -> 0 | J69: =SUM('ADVANCE:ELECTION DAY'!J68) -> 0 | K69: =SUM('ADVANCE:ELECTION DAY'!K68) -> 0 | L69: =SUM('ADVANCE:ELECTION DAY'!L68) -> 0 | ... N69: =SUM('ADVANCE:ELECTION DAY'!N68) -> 0 | O69: John Goddard | P69: Rep. | Q69: =SUM('ADVANCE:ELECTION DAY'!Q68) -> 0 | R69: =SUM('ADVANCE:ELECTION DAY'!R68) -> 0 | S69: =SUM('ADVANCE:ELECTION DAY'!S68) -> 0 | T69: =SUM('ADVANCE:ELECTION DAY'!T68) -> 0 | U69: =SUM('ADVANCE:ELECTION DAY'!U68) -> 0 | V69: =SUM('ADVANCE:ELECTION DAY'!V68) -> 0 | W69: =SUM('ADVANCE:ELECTION DAY'!W68) -> 0 | X69: =SUM('ADVANCE:ELECTION DAY'!X68) -> 0 | Y69: =E69+F69+G69+H69+I69+J69+K69+L69+M69+N69+Q69+R69+S69+T69+U69+V69+W69+X69 -> 24
E70: =SUM('ADVANCE:ELECTION DAY'!E70) -> 0 | F70: =SUM('ADVANCE:ELECTION DAY'!F70) -> 0 | G70: =SUM('ADVANCE:ELECTION DAY'!G70) -> 0 | H70: =SUM('ADVANCE:ELECTION DAY'!H70) -> 0 | I70: =SUM('ADVANCE:ELECTION DAY'!I70) -> 0 | J70: =SUM('ADVANCE:ELECTION DAY'!J70) -> 0 | K70: =SUM('ADVANCE:ELECTION DAY'!K70) -> 0 | L70: =SUM('ADVANCE:ELECTION DAY'!L70) -> 0 | ... N70: =SUM('ADVANCE:ELECTION DAY'!N70) -> 0 | Q70: =SUM('ADVANCE:ELECTION DAY'!Q70) -> 0 | R70: =SUM('ADVANCE:ELECTION DAY'!R70) -> 0 | S70: =SUM('ADVANCE:ELECTION DAY'!S70) -> 0 | T70: =SUM('ADVANCE:ELECTION DAY'!T70) -> 0 | U70: =SUM('ADVANCE:ELECTION DAY'!U70) -> 0 | V70: =SUM('ADVANCE:ELECTION DAY'!V70) -> 0 | W70: =SUM('ADVANCE:ELECTION DAY'!W70) -> 0 | X70: =SUM('ADVANCE:ELECTION DAY'!X70) -> 0 | Y70: =E70+F70+G70+H70+I70+J70+K70+L70+M70+N70+Q70+R70+S70+T70+U70+V70+W70+X70 -> 0
B71: Graham Township | O71: Graham Township
E72: =SUM('ADVANCE:ELECTION DAY'!E71) -> 0 | F72: =SUM('ADVANCE:ELECTION DAY'!F71) -> 0 | G72: =SUM('ADVANCE:ELECTION DAY'!G71) -> 0 | H72: =SUM('ADVANCE:ELECTION DAY'!H71) -> 0 | I72: =SUM('ADVANCE:ELECTION DAY'!I71) -> 0 | J72: =SUM('ADVANCE:ELECTION DAY'!J71) -> 0 | K72: =SUM('ADVANCE:ELECTION DAY'!K71) -> 0 | L72: =SUM('ADVANCE:ELECTION DAY'!L71) -> 0 | ... N72: =SUM('ADVANCE:ELECTION DAY'!N71) -> 0 | Q72: =SUM('ADVANCE:ELECTION DAY'!Q71) -> 0 | R72: =SUM('ADVANCE:ELECTION DAY'!R71) -> 0 | S72: =SUM('ADVANCE:ELECTION DAY'!S71) -> 0 | T72: =SUM('ADVANCE:ELECTION DAY'!T71) -> 0 | U72: =SUM('ADVANCE:ELECTION DAY'!U71) -> 0 | V72: =SUM('ADVANCE:ELECTION DAY'!V71) -> 0 | W72: =SUM('ADVANCE:ELECTION DAY'!W71) -> 0 | X72: =SUM('ADVANCE:ELECTION DAY'!X71) -> 0 | Y72: =E72+F72+G72+H72+I72+J72+K72+L72+M72+N72+Q72+R72+S72+T72+U72+V72+W72+X72 -> 0
B73: Happy Township | O73: Happy Township
C74: Wilbur Stites | D74: Rep. | E74: =SUM('ADVANCE:ELECTION DAY'!E73) -> 0 | F74: =SUM('ADVANCE:ELECTION DAY'!F73) -> 0 | G74: =SUM('ADVANCE:ELECTION DAY'!G73) -> 0 | H74: =SUM('ADVANCE:ELECTION DAY'!H73) -> 0 | I74: =SUM('ADVANCE:ELECTION DAY'!I73) -> 15 | J74: =SUM('ADVANCE:ELECTION DAY'!J73) -> 0 | K74: =SUM('ADVANCE:ELECTION DAY'!K73) -> 0 | L74: =SUM('ADVANCE:ELECTION DAY'!L73) -> 0 | ... N74: =SUM('ADVANCE:ELECTION DAY'!N73) -> 0 | O74: Wilbur Stites | P74: Rep. | Q74: =SUM('ADVANCE:ELECTION DAY'!Q73) -> 0 | R74: =SUM('ADVANCE:ELECTION DAY'!R73) -> 0 | S74: =SUM('ADVANCE:ELECTION DAY'!S73) -> 0 | T74: =SUM('ADVANCE:ELECTION DAY'!T73) -> 0 | U74: =SUM('ADVANCE:ELECTION DAY'!U73) -> 0 | V74: =SUM('ADVANCE:ELECTION DAY'!V73) -> 0 | W74: =SUM('ADVANCE:ELECTION DAY'!W73) -> 0 | X74: =SUM('ADVANCE:ELECTION DAY'!X73) -> 0 | Y74: =E74+F74+G74+H74+I74+J74+K74+L74+M74+N74+Q74+R74+S74+T74+U74+V74+W74+X74 -> 15
B75: Hill City Township | O75: Hill City Township
C76: Joy Radcliffe | D76: Rep. | E76: =SUM('ADVANCE:ELECTION DAY'!E75) -> 0 | F76: =SUM('ADVANCE:ELECTION DAY'!F75) -> 0 | G76: =SUM('ADVANCE:ELECTION DAY'!G75) -> 0 | H76: =SUM('ADVANCE:ELECTION DAY'!H75) -> 0 | I76: =SUM('ADVANCE:ELECTION DAY'!I75) -> 0 | J76: =SUM('ADVANCE:ELECTION DAY'!J75) -> 27 | K76: =SUM('ADVANCE:ELECTION DAY'!K75) -> 209 | L76: =SUM('ADVANCE:ELECTION DAY'!L75) -> 60 | ... N76: =SUM('ADVANCE:ELECTION DAY'!N75) -> 25 | O76: Joy Radcliffe | P76: Rep. | Q76: =SUM('ADVANCE:ELECTION DAY'!Q75) -> 22 | R76: =SUM('ADVANCE:ELECTION DAY'!R75) -> 0 | S76: =SUM('ADVANCE:ELECTION DAY'!S75) -> 0 | T76: =SUM('ADVANCE:ELECTION DAY'!T75) -> 0 | U76: =SUM('ADVANCE:ELECTION DAY'!U75) -> 0 | V76: =SUM('ADVANCE:ELECTION DAY'!V75) -> 0 | W76: =SUM('ADVANCE:ELECTION DAY'!W75) -> 0 | X76: =SUM('ADVANCE:ELECTION DAY'!X75) -> 0 | Y76: =E76+F76+G76+H76+I76+J76+K76+L76+M76+N76+Q76+R76+S76+T76+U76+V76+W76+X76 -> 347
E77: =SUM('ADVANCE:ELECTION DAY'!E77) -> 0 | Y77: =E77+F77+G77+H77+I77+J77+K77+L77+M77+N77+Q77+R77+S77+T77+U77+V77+W77+X77 -> 0
B78: Indiana Township | O78: Indiana Township
C79: Lonnie Beckman | D79: Rep. | E79: =SUM('ADVANCE:ELECTION DAY'!E78) -> 0 | F79: =SUM('ADVANCE:ELECTION DAY'!F78) -> 0 | G79: =SUM('ADVANCE:ELECTION DAY'!G78) -> 0 | H79: =SUM('ADVANCE:ELECTION DAY'!H78) -> 0 | I79: =SUM('ADVANCE:ELECTION DAY'!I78) -> 0 | J79: =SUM('ADVANCE:ELECTION DAY'!J78) -> 0 | K79: =SUM('ADVANCE:ELECTION DAY'!K78) -> 0 | L79: =SUM('ADVANCE:ELECTION DAY'!L78) -> 0 | ... N79: =SUM('ADVANCE:ELECTION DAY'!N78) -> 0 | O79: Lonnie Beckman | P79: Rep. | Q79: =SUM('ADVANCE:ELECTION DAY'!Q78) -> 0 | R79: =SUM('ADVANCE:ELECTION DAY'!R78) -> 4 | S79: =SUM('ADVANCE:ELECTION DAY'!S78) -> 0 | T79: =SUM('ADVANCE:ELECTION DAY'!T78) -> 0 | U79: =SUM('ADVANCE:ELECTION DAY'!U78) -> 0 | V79: =SUM('ADVANCE:ELECTION DAY'!V78) -> 0 | W79: =SUM('ADVANCE:ELECTION DAY'!W78) -> 0 | X79: =SUM('ADVANCE:ELECTION DAY'!X78) -> 0 | Y79: =E79+F79+G79+H79+I79+J79+K79+L79+M79+N79+Q79+R79+S79+T79+U79+V79+W79+X79 -> 4
B80: Millbrook Township | O80: Millbrook Township
C81: Rodger Quint | D81: Rep. | E81: =SUM('ADVANCE:ELECTION DAY'!E80) -> 0 | F81: =SUM('ADVANCE:ELECTION DAY'!F80) -> 0 | G81: =SUM('ADVANCE:ELECTION DAY'!G80) -> 0 | H81: =SUM('ADVANCE:ELECTION DAY'!H80) -> 0 | I81: =SUM('ADVANCE:ELECTION DAY'!I80) -> 0 | J81: =SUM('ADVANCE:ELECTION DAY'!J80) -> 0 | K81: =SUM('ADVANCE:ELECTION DAY'!K80) -> 0 | L81: =SUM('ADVANCE:ELECTION DAY'!L80) -> 0 | ... N81: =SUM('ADVANCE:ELECTION DAY'!N80) -> 0 | O81: Rodger Quint | P81: Rep. | Q81: =SUM('ADVANCE:ELECTION DAY'!Q80) -> 0 | R81: =SUM('ADVANCE:ELECTION DAY'!R80) -> 0 | S81: =SUM('ADVANCE:ELECTION DAY'!S80) -> 36 | T81: =SUM('ADVANCE:ELECTION DAY'!T80) -> 0 | U81: =SUM('ADVANCE:ELECTION DAY'!U80) -> 0 | V81: =SUM('ADVANCE:ELECTION DAY'!V80) -> 0 | W81: =SUM('ADVANCE:ELECTION DAY'!W80) -> 0 | X81: =SUM('ADVANCE:ELECTION DAY'!X80) -> 0 | Y81: =E81+F81+G81+H81+I81+J81+K81+L81+M81+N81+Q81+R81+S81+T81+U81+V81+W81+X81 -> 36
E82: =SUM('ADVANCE:ELECTION DAY'!E82) -> 0 | Y82: =E82+F82+G82+H82+I82+J82+K82+L82+M82+N82+Q82+R82+S82+T82+U82+V82+W82+X82 -> 0
E83: =SUM('ADVANCE:ELECTION DAY'!E83) -> 0 | Y83: =E83+F83+G83+H83+I83+J83+K83+L83+M83+N83+Q83+R83+S83+T83+U83+V83+W83+X83 -> 0
B84: Morlan Township | O84: Morlan Township
C85: Carl Acheson | D85: Rep. | E85: =SUM('ADVANCE:ELECTION DAY'!E84) -> 0 | F85: =SUM('ADVANCE:ELECTION DAY'!F84) -> 0 | G85: =SUM('ADVANCE:ELECTION DAY'!G84) -> 0 | H85: =SUM('ADVANCE:ELECTION DAY'!H84) -> 0 | I85: =SUM('ADVANCE:ELECTION DAY'!I84) -> 0 | J85: =SUM('ADVANCE:ELECTION DAY'!J84) -> 0 | K85: =SUM('ADVANCE:ELECTION DAY'!K84) -> 0 | L85: =SUM('ADVANCE:ELECTION DAY'!L84) -> 0 | ... N85: =SUM('ADVANCE:ELECTION DAY'!N84) -> 0 | O85: Carl Acheson | P85: Rep. | Q85: =SUM('ADVANCE:ELECTION DAY'!Q84) -> 0 | R85: =SUM('ADVANCE:ELECTION DAY'!R84) -> 0 | S85: =SUM('ADVANCE:ELECTION DAY'!S84) -> 0 | T85: =SUM('ADVANCE:ELECTION DAY'!T84) -> 14 | U85: =SUM('ADVANCE:ELECTION DAY'!U84) -> 0 | V85: =SUM('ADVANCE:ELECTION DAY'!V84) -> 0 | W85: =SUM('ADVANCE:ELECTION DAY'!W84) -> 0 | X85: =SUM('ADVANCE:ELECTION DAY'!X84) -> 0 | Y85: =E85+F85+G85+H85+I85+J85+K85+L85+M85+N85+Q85+R85+S85+T85+U85+V85+W85+X85 -> 14
B86: Nicodemus Township | O86: Nicodemus Township
E87: =SUM('ADVANCE:ELECTION DAY'!E86) -> 0 | F87: =SUM('ADVANCE:ELECTION DAY'!F86) -> 0 | G87: =SUM('ADVANCE:ELECTION DAY'!G86) -> 0 | H87: =SUM('ADVANCE:ELECTION DAY'!H86) -> 0 | I87: =SUM('ADVANCE:ELECTION DAY'!I86) -> 0 | J87: =SUM('ADVANCE:ELECTION DAY'!J86) -> 0 | K87: =SUM('ADVANCE:ELECTION DAY'!K86) -> 0 | L87: =SUM('ADVANCE:ELECTION DAY'!L86) -> 0 | ... N87: =SUM('ADVANCE:ELECTION DAY'!N86) -> 0 | Q87: =SUM('ADVANCE:ELECTION DAY'!Q86) -> 0 | R87: =SUM('ADVANCE:ELECTION DAY'!R86) -> 0 | S87: =SUM('ADVANCE:ELECTION DAY'!S86) -> 0 | T87: =SUM('ADVANCE:ELECTION DAY'!T86) -> 0 | U87: =SUM('ADVANCE:ELECTION DAY'!U86) -> 0 | V87: =SUM('ADVANCE:ELECTION DAY'!V86) -> 0 | W87: =SUM('ADVANCE:ELECTION DAY'!W86) -> 0 | X87: =SUM('ADVANCE:ELECTION DAY'!X86) -> 0 | Y87: =E87+F87+G87+H87+I87+J87+K87+L87+M87+N87+Q87+R87+S87+T87+U87+V87+W87+X87 -> 0
E88: =SUM('ADVANCE:ELECTION DAY'!E88) -> 0 | Y88: =E88+F88+G88+H88+I88+J88+K88+L88+M88+N88+Q88+R88+S88+T88+U88+V88+W88+X88 -> 0
B89: Pioneer Township | O89: Pioneer Township
E90: =SUM('ADVANCE:ELECTION DAY'!E89) -> 0 | F90: =SUM('ADVANCE:ELECTION DAY'!F89) -> 0 | G90: =SUM('ADVANCE:ELECTION DAY'!G89) -> 0 | H90: =SUM('ADVANCE:ELECTION DAY'!H89) -> 0 | I90: =SUM('ADVANCE:ELECTION DAY'!I89) -> 0 | J90: =SUM('ADVANCE:ELECTION DAY'!J89) -> 0 | K90: =SUM('ADVANCE:ELECTION DAY'!K89) -> 0 | L90: =SUM('ADVANCE:ELECTION DAY'!L89) -> 0 | ... N90: =SUM('ADVANCE:ELECTION DAY'!N89) -> 0 | Q90: =SUM('ADVANCE:ELECTION DAY'!Q89) -> 0 | R90: =SUM('ADVANCE:ELECTION DAY'!R89) -> 0 | S90: =SUM('ADVANCE:ELECTION DAY'!S89) -> 0 | T90: =SUM('ADVANCE:ELECTION DAY'!T89) -> 0 | U90: =SUM('ADVANCE:ELECTION DAY'!U89) -> 0 | V90: =SUM('ADVANCE:ELECTION DAY'!V89) -> 0 | W90: =SUM('ADVANCE:ELECTION DAY'!W89) -> 0 | X90: =SUM('ADVANCE:ELECTION DAY'!X89) -> 0 | Y90: =E90+F90+G90+H90+I90+J90+K90+L90+M90+N90+Q90+R90+S90+T90+U90+V90+W90+X90 -> 0
B91: Solomon Township | O91: Solomon Township
C92: Desiree Simon | D92: Rep. | E92: =SUM('ADVANCE:ELECTION DAY'!E91) -> 0 | F92: =SUM('ADVANCE:ELECTION DAY'!F91) -> 0 | G92: =SUM('ADVANCE:ELECTION DAY'!G91) -> 0 | H92: =SUM('ADVANCE:ELECTION DAY'!H91) -> 0 | I92: =SUM('ADVANCE:ELECTION DAY'!I91) -> 0 | J92: =SUM('ADVANCE:ELECTION DAY'!J91) -> 0 | K92: =SUM('ADVANCE:ELECTION DAY'!K91) -> 0 | L92: =SUM('ADVANCE:ELECTION DAY'!L91) -> 0 | ... N92: =SUM('ADVANCE:ELECTION DAY'!N91) -> 0 | O92: Desiree Simon | P92: Rep. | Q92: =SUM('ADVANCE:ELECTION DAY'!Q91) -> 0 | R92: =SUM('ADVANCE:ELECTION DAY'!R91) -> 0 | S92: =SUM('ADVANCE:ELECTION DAY'!S91) -> 0 | T92: =SUM('ADVANCE:ELECTION DAY'!T91) -> 0 | U92: =SUM('ADVANCE:ELECTION DAY'!U91) -> 0 | V92: =SUM('ADVANCE:ELECTION DAY'!V91) -> 0 | W92: =SUM('ADVANCE:ELECTION DAY'!W91) -> 48 | X92: =SUM('ADVANCE:ELECTION DAY'!X91) -> 0 | Y92: =E92+F92+G92+H92+I92+J92+K92+L92+M92+N92+Q92+R92+S92+T92+U92+V92+W92+X92 -> 48
E93: =SUM('ADVANCE:ELECTION DAY'!E93) -> 0 | Y93: =E93+F93+G93+H93+I93+J93+K93+L93+M93+N93+Q93+R93+S93+T93+U93+V93+W93+X93 -> 0
B94: Wildhorse Township | O94: Wildhorse Township
C95: Robin Hardman | D95: Rep. | E95: =SUM('ADVANCE:ELECTION DAY'!E94) -> 0 | F95: =SUM('ADVANCE:ELECTION DAY'!F94) -> 0 | G95: =SUM('ADVANCE:ELECTION DAY'!G94) -> 0 | H95: =SUM('ADVANCE:ELECTION DAY'!H94) -> 0 | I95: =SUM('ADVANCE:ELECTION DAY'!I94) -> 0 | J95: =SUM('ADVANCE:ELECTION DAY'!J94) -> 0 | K95: =SUM('ADVANCE:ELECTION DAY'!K94) -> 0 | L95: =SUM('ADVANCE:ELECTION DAY'!L94) -> 0 | ... N95: =SUM('ADVANCE:ELECTION DAY'!N94) -> 0 | O95: Robin Hardman | P95: Rep. | Q95: =SUM('ADVANCE:ELECTION DAY'!Q94) -> 0 | R95: =SUM('ADVANCE:ELECTION DAY'!R94) -> 0 | S95: =SUM('ADVANCE:ELECTION DAY'!S94) -> 0 | T95: =SUM('ADVANCE:ELECTION DAY'!T94) -> 0 | U95: =SUM('ADVANCE:ELECTION DAY'!U94) -> 0 | V95: =SUM('ADVANCE:ELECTION DAY'!V94) -> 0 | W95: =SUM('ADVANCE:ELECTION DAY'!W94) -> 0 | X95: =SUM('ADVANCE:ELECTION DAY'!X94) -> 54 | Y95: =E95+F95+G95+H95+I95+J95+K95+L95+M95+N95+Q95+R95+S95+T95+U95+V95+W95+X95 -> 54
B96: November 5th, 2024
B97: TOTALS
B98: NAME OF OFFICE | C98: NAME OF PERSON VOTED FOR | E98: ALLODIUM | F98: BRYANT | G98: GETTYSBURG | H98: GRAHAM | I98: HAPPPY | J98: HILL CITY #1 | K98: HILL CITY #2 | L98: HILL CITY #3 | M98: HILL CITY TWP #71 | N98: HILL CITY TWP #72 | O98: NAME OF PERSON VOTED FOR | P98: PARTY | Q98: HILL CITY TWP #73 | R98: INDIANA | S98: MILLBROOK | T98: MORLAN | U98: NICODEMUS | V98: PIONEER | W98: SOLOMON | X98: WILDHORSE | Y98: TOTAL
B99: TOWNSHIP TREASURER | O99: TOWNSHIP TREASURER
B100: Allodium Township | O100: Allodium Township
C101: Melissa Lee | D101: Rep. | E101: =SUM('ADVANCE:ELECTION DAY'!E101) -> 9 | F101: =SUM('ADVANCE:ELECTION DAY'!F101) -> 0 | G101: =SUM('ADVANCE:ELECTION DAY'!G101) -> 0 | H101: =SUM('ADVANCE:ELECTION DAY'!H101) -> 0 | I101: =SUM('ADVANCE:ELECTION DAY'!I101) -> 0 | J101: =SUM('ADVANCE:ELECTION DAY'!J101) -> 0 | K101: =SUM('ADVANCE:ELECTION DAY'!K101) -> 0 | L101: =SUM('ADVANCE:ELECTION DAY'!L101) -> 0 | ... N101: =SUM('ADVANCE:ELECTION DAY'!N101) -> 0 | O101: Melissa Lee | P101: Rep. | Q101: =SUM('ADVANCE:ELECTION DAY'!Q101) -> 0 | R101: =SUM('ADVANCE:ELECTION DAY'!R101) -> 0 | S101: =SUM('ADVANCE:ELECTION DAY'!S101) -> 0 | T101: =SUM('ADVANCE:ELECTION DAY'!T101) -> 0 | U101: =SUM('ADVANCE:ELECTION DAY'!U101) -> 0 | V101: =SUM('ADVANCE:ELECTION DAY'!V101) -> 0 | W101: =SUM('ADVANCE:ELECTION DAY'!W101) -> 0 | X101: =SUM('ADVANCE:ELECTION DAY'!X101) -> 0 | Y101: =E101+F101+G101+H101+I101+J101+K101+L101+M101+N101+Q101+R101+S101+T101+U101+V101+W101+X101 -> 9
E102: =SUM('ADVANCE:ELECTION DAY'!E102) -> 10 | Q102: =SUM('ADVANCE:ELECTION DAY'!Q102) -> 0 | Y102: =E102+F102+G102+H102+I102+J102+K102+L102+M102+N102+Q102+R102+S102+T102+U102+V102+W102+X102 -> 10
B103: Bryant Township | O103: Bryant Township
C104: Susan Rohleder | D104: Rep. | E104: =SUM('ADVANCE:ELECTION DAY'!E104) -> 0 | F104: =SUM('ADVANCE:ELECTION DAY'!F104) -> 27 | G104: =SUM('ADVANCE:ELECTION DAY'!G104) -> 0 | H104: =SUM('ADVANCE:ELECTION DAY'!H104) -> 0 | I104: =SUM('ADVANCE:ELECTION DAY'!I104) -> 0 | J104: =SUM('ADVANCE:ELECTION DAY'!J104) -> 0 | K104: =SUM('ADVANCE:ELECTION DAY'!K104) -> 0 | L104: =SUM('ADVANCE:ELECTION DAY'!L104) -> 0 | ... N104: =SUM('ADVANCE:ELECTION DAY'!N104) -> 0 | O104: Susan Rohleder | P104: Rep. | Q104: =SUM('ADVANCE:ELECTION DAY'!Q104) -> 0 | R104: =SUM('ADVANCE:ELECTION DAY'!R104) -> 0 | S104: =SUM('ADVANCE:ELECTION DAY'!S104) -> 0 | T104: =SUM('ADVANCE:ELECTION DAY'!T104) -> 0 | U104: =SUM('ADVANCE:ELECTION DAY'!U104) -> 0 | V104: =SUM('ADVANCE:ELECTION DAY'!V104) -> 0 | W104: =SUM('ADVANCE:ELECTION DAY'!W104) -> 0 | X104: =SUM('ADVANCE:ELECTION DAY'!X104) -> 0 | Y104: =E104+F104+G104+H104+I104+J104+K104+L104+M104+N104+Q104+R104+S104+T104+U104+V104+W104+X104 -> 27
E105: =SUM('ADVANCE:ELECTION DAY'!E105) -> 0 | Q105: =SUM('ADVANCE:ELECTION DAY'!Q105) -> 0 | Y105: =E105+F105+G105+H105+I105+J105+K105+L105+M105+N105+Q105+R105+S105+T105+U105+V105+W105+X105 -> 0
B106: Gettysburg Township | O106: Gettysburg Township
C107: Robert Ellis | D107: Rep. | E107: =SUM('ADVANCE:ELECTION DAY'!E107) -> 0 | F107: =SUM('ADVANCE:ELECTION DAY'!F107) -> 0 | G107: =SUM('ADVANCE:ELECTION DAY'!G107) -> 24 | H107: =SUM('ADVANCE:ELECTION DAY'!H107) -> 0 | I107: =SUM('ADVANCE:ELECTION DAY'!I107) -> 0 | J107: =SUM('ADVANCE:ELECTION DAY'!J107) -> 0 | K107: =SUM('ADVANCE:ELECTION DAY'!K107) -> 0 | L107: =SUM('ADVANCE:ELECTION DAY'!L107) -> 0 | ... N107: =SUM('ADVANCE:ELECTION DAY'!N107) -> 0 | O107: Robert Elllis | P107: Rep. | Q107: =SUM('ADVANCE:ELECTION DAY'!Q107) -> 0 | R107: =SUM('ADVANCE:ELECTION DAY'!R107) -> 0 | S107: =SUM('ADVANCE:ELECTION DAY'!S107) -> 0 | T107: =SUM('ADVANCE:ELECTION DAY'!T107) -> 0 | U107: =SUM('ADVANCE:ELECTION DAY'!U107) -> 0 | V107: =SUM('ADVANCE:ELECTION DAY'!V107) -> 0 | W107: =SUM('ADVANCE:ELECTION DAY'!W107) -> 0 | X107: =SUM('ADVANCE:ELECTION DAY'!X107) -> 0 | Y107: =E107+F107+G107+H107+I107+J107+K107+L107+M107+N107+Q107+R107+S107+T107+U107+V107+W107+X107 -> 24
E108: =SUM('ADVANCE:ELECTION DAY'!E108) -> 0 | Q108: =SUM('ADVANCE:ELECTION DAY'!Q108) -> 0 | Y108: =E108+F108+G108+H108+I108+J108+K108+L108+M108+N108+Q108+R108+S108+T108+U108+V108+W108+X108 -> 0
B109: Graham Township | O109: Graham Township
C110: Melanie Nelson | D110: Rep. | E110: =SUM('ADVANCE:ELECTION DAY'!E110) -> 0 | F110: =SUM('ADVANCE:ELECTION DAY'!F110) -> 0 | G110: =SUM('ADVANCE:ELECTION DAY'!G110) -> 0 | H110: =SUM('ADVANCE:ELECTION DAY'!H110) -> 17 | I110: =SUM('ADVANCE:ELECTION DAY'!I110) -> 0 | J110: =SUM('ADVANCE:ELECTION DAY'!J110) -> 0 | K110: =SUM('ADVANCE:ELECTION DAY'!K110) -> 0 | L110: =SUM('ADVANCE:ELECTION DAY'!L110) -> 0 | ... N110: =SUM('ADVANCE:ELECTION DAY'!N110) -> 0 | O110: Melanie Nelson | P110: Rep. | Q110: =SUM('ADVANCE:ELECTION DAY'!Q110) -> 0 | R110: =SUM('ADVANCE:ELECTION DAY'!R110) -> 0 | S110: =SUM('ADVANCE:ELECTION DAY'!S110) -> 0 | T110: =SUM('ADVANCE:ELECTION DAY'!T110) -> 0 | U110: =SUM('ADVANCE:ELECTION DAY'!U110) -> 0 | V110: =SUM('ADVANCE:ELECTION DAY'!V110) -> 0 | W110: =SUM('ADVANCE:ELECTION DAY'!W110) -> 0 | X110: =SUM('ADVANCE:ELECTION DAY'!X110) -> 0 | Y110: =E110+F110+G110+H110+I110+J110+K110+L110+M110+N110+Q110+R110+S110+T110+U110+V110+W110+X110 -> 17
B111: Happy Township | O111: Happy Township
...

Sheet Abstract
B1: Abstract of Votes Cast at the Primary Election in | O1: Abstract of Votes Cast at the Primary Election in
B2: Graham County Kansas, on the 5th day of November, 2024 | O2: Graham County Kansas, on the 5th day of November, 2024
B3: Number of Voters Voting | C3: 1317
B4: Registered Voters | C4: 1808
B5: Turnout | C5: 0.73
B6: NAME OF OFFICE | C6: NAME OF PERSON VOTED FOR | D6: PARTY | E6: ALLODIUM | F6: BRYANT | G6: GETTYSBURG | H6: GRAHAM | I6: HAPPPY | J6: HILL CITY #1 | K6: HILL CITY #2 | L6: HILL CITY #3 | M6: HILL CITY TWP #71 | N6: HILL CITY TWP #72 | O6: NAME OF PERSON VOTED FOR | P6: PARTY | Q6: HILL CITY TWP #73 | R6: INDIANA | S6: MILLBROOK | T6: MORLAN | U6: NICODEMUS | V6: PIONEER | W6: SOLOMON | X6: WILDHORSE | Y6: TOTAL | Z6: PROVISIONAL | AA6: TOTAL
B7: PRESIDENT AND VICE PRESIDENT | O7: PRESIDENT AND VICE PRESIDENT
C8: Trump/Vance | D8: Rep. | E8: =SUM('ADVANCE & ELECTION DAY TOTAL'!E5) -> 20 | F8: =SUM('ADVANCE & ELECTION DAY TOTAL'!F5) -> 47 | G8: =SUM('ADVANCE & ELECTION DAY TOTAL'!G5) -> 37 | H8: =SUM('ADVANCE & ELECTION DAY TOTAL'!H5) -> 29 | I8: =SUM('ADVANCE & ELECTION DAY TOTAL'!I5) -> 22 | J8: =SUM('ADVANCE & ELECTION DAY TOTAL'!J5) -> 70 | K8: 318 | L8: 114 | M8: =SUM('ADVANCE & ELECTION DAY TOTAL'!M5) -> 6 | N8: =SUM('ADVANCE & ELECTION DAY TOTAL'!N5) -> 37 | O8: Trump/Vance | P8: Rep. | Q8: =SUM('ADVANCE & ELECTION DAY TOTAL'!Q5) -> 29 | R8: =SUM('ADVANCE & ELECTION DAY TOTAL'!R5) -> 15 | S8: =SUM('ADVANCE & ELECTION DAY TOTAL'!S5) -> 62 | T8: =SUM('ADVANCE & ELECTION DAY TOTAL'!T5) -> 30 | U8: =SUM('ADVANCE & ELECTION DAY TOTAL'!U5) -> 12 | V8: 17 | W8: =SUM('ADVANCE & ELECTION DAY TOTAL'!W5) -> 76 | X8: =SUM('ADVANCE & ELECTION DAY TOTAL'!X5) -> 92 | Y8: =SUM(E8:X8) -> 1033 | Z8: 22 | AA8: =SUM(Y8:Z8) -> 1055
C9: Harris/Walz | D9: Dem. | E9: =SUM('ADVANCE & ELECTION DAY TOTAL'!E6) -> 0 | F9: =SUM('ADVANCE & ELECTION DAY TOTAL'!F6) -> 5 | G9: =SUM('ADVANCE & ELECTION DAY TOTAL'!G6) -> 5 | H9: =SUM('ADVANCE & ELECTION DAY TOTAL'!H6) -> 7 | I9: =SUM('ADVANCE & ELECTION DAY TOTAL'!I6) -> 8 | J9: =SUM('ADVANCE & ELECTION DAY TOTAL'!J6) -> 15 | K9: 84 | L9: =SUM('ADVANCE & ELECTION DAY TOTAL'!L6) -> 28 | M9: =SUM('ADVANCE & ELECTION DAY TOTAL'!M6) -> 0 | N9: =SUM('ADVANCE & ELECTION DAY TOTAL'!N6) -> 7 | O9: Harris/Walz | P9: Dem. | Q9: =SUM('ADVANCE & ELECTION DAY TOTAL'!Q6) -> 3 | R9: =SUM('ADVANCE & ELECTION DAY TOTAL'!R6) -> 1 | S9: =SUM('ADVANCE & ELECTION DAY TOTAL'!S6) -> 8 | T9: =SUM('ADVANCE & ELECTION DAY TOTAL'!T6) -> 1 | U9: =SUM('ADVANCE & ELECTION DAY TOTAL'!U6) -> 9 | V9: =SUM('ADVANCE & ELECTION DAY TOTAL'!V6) -> 0 | W9: =SUM('ADVANCE & ELECTION DAY TOTAL'!W6) -> 9 | X9: =SUM('ADVANCE & ELECTION DAY TOTAL'!X6) -> 16 | Y9: =SUM(E9:X9) -> 206 | Z9: 4 | AA9: =SUM(Y9:Z9) -> 210
C10: Kennedy Jr./Shanahan | D10: Indep. | E10: =SUM('ADVANCE & ELECTION DAY TOTAL'!E7) -> 0 | F10: =SUM('ADVANCE & ELECTION DAY TOTAL'!F7) -> 0 | G10: =SUM('ADVANCE & ELECTION DAY TOTAL'!G7) -> 1 | H10: =SUM('ADVANCE & ELECTION DAY TOTAL'!H7) -> 0 | I10: =SUM('ADVANCE & ELECTION DAY TOTAL'!I7) -> 0 | J10: =SUM('ADVANCE & ELECTION DAY TOTAL'!J7) -> 3 | K10: 12 | L10: =SUM('ADVANCE & ELECTION DAY TOTAL'!L7) -> 1 | M10: =SUM('ADVANCE & ELECTION DAY TOTAL'!M7) -> 0 | N10: =SUM('ADVANCE & ELECTION DAY TOTAL'!N7) -> 0 | O10: Kennedy Jr./Shanahan | P10: Indep. | Q10: =SUM('ADVANCE & ELECTION DAY TOTAL'!Q7) -> 0 | R10: =SUM('ADVANCE & ELECTION DAY TOTAL'!R7) -> 1 | S10: =SUM('ADVANCE & ELECTION DAY TOTAL'!S7) -> 0 | T10: =SUM('ADVANCE & ELECTION DAY TOTAL'!T7) -> 0 | U10: =SUM('ADVANCE & ELECTION DAY TOTAL'!U7) -> 0 | V10: =SUM('ADVANCE & ELECTION DAY TOTAL'!V7) -> 0 | W10: =SUM('ADVANCE & ELECTION DAY TOTAL'!W7) -> 1 | X10: =SUM('ADVANCE & ELECTION DAY TOTAL'!X7) -> 0 | Y10: =SUM(E10:X10) -> 19 | Z10: 1 | AA10: =SUM(Y10:Z10) -> 20
C11: Oliver/ ter Maat | D11: Lib. | E11: =SUM('ADVANCE & ELECTION DAY TOTAL'!E8) -> 0 | F11: =SUM('ADVANCE & ELECTION DAY TOTAL'!F8) -> 0 | G11: =SUM('ADVANCE & ELECTION DAY TOTAL'!G8) -> 0 | H11: =SUM('ADVANCE & ELECTION DAY TOTAL'!H8) -> 0 | I11: =SUM('ADVANCE & ELECTION DAY TOTAL'!I8) -> 0 | J11: =SUM('ADVANCE & ELECTION DAY TOTAL'!J8) -> 0 | K11: =SUM('ADVANCE & ELECTION DAY TOTAL'!K8) -> 1 | L11: =SUM('ADVANCE & ELECTION DAY TOTAL'!L8) -> 0 | ... N11: =SUM('ADVANCE & ELECTION DAY TOTAL'!N8) -> 0 | O11: Oliver/ ter Maat | P11: Lib. | Q11: =SUM('ADVANCE & ELECTION DAY TOTAL'!Q8) -> 0 | R11: =SUM('ADVANCE & ELECTION DAY TOTAL'!R8) -> 0 | S11: =SUM('ADVANCE & ELECTION DAY TOTAL'!S8) -> 0 | T11: =SUM('ADVANCE & ELECTION DAY TOTAL'!T8) -> 0 | U11: =SUM('ADVANCE & ELECTION DAY TOTAL'!U8) -> 0 | V11: =SUM('ADVANCE & ELECTION DAY TOTAL'!V8) -> 0 | W11: =SUM('ADVANCE & ELECTION DAY TOTAL'!W8) -> 0 | X11: =SUM('ADVANCE & ELECTION DAY TOTAL'!X8) -> 0 | Y11: =SUM(E11:X11) -> 1 | Z11: 1 | AA11: =SUM(Y11:Z11) -> 2
B12: UNITED STATES REPRESENTATIVE 1ST DISTRICT | O12: UNITED STATES REPRESENTATIVE 1ST DISTRICT
C13: Paul Buskirk | D13: Dem. | E13: =SUM('ADVANCE & ELECTION DAY TOTAL'!E10) -> 0 | F13: =SUM('ADVANCE & ELECTION DAY TOTAL'!F10) -> 4 | G13: =SUM('ADVANCE & ELECTION DAY TOTAL'!G10) -> 4 | H13: =SUM('ADVANCE & ELECTION DAY TOTAL'!H10) -> 7 | I13: =SUM('ADVANCE & ELECTION DAY TOTAL'!I10) -> 6 | J13: =SUM('ADVANCE & ELECTION DAY TOTAL'!J10) -> 10 | K13: 71 | L13: =SUM('ADVANCE & ELECTION DAY TOTAL'!L10) -> 19 | M13: =SUM('ADVANCE & ELECTION DAY TOTAL'!M10) -> 0 | N13: =SUM('ADVANCE & ELECTION DAY TOTAL'!N10) -> 4 | O13: Paul Buskirk | P13: Dem. | Q13: =SUM('ADVANCE & ELECTION DAY TOTAL'!Q10) -> 0 | R13: =SUM('ADVANCE & ELECTION DAY TOTAL'!R10) -> 0 | S13: =SUM('ADVANCE & ELECTION DAY TOTAL'!S10) -> 6 | T13: =SUM('ADVANCE & ELECTION DAY TOTAL'!T10) -> 0 | U13: =SUM('ADVANCE & ELECTION DAY TOTAL'!U10) -> 8 | V13: =SUM('ADVANCE & ELECTION DAY TOTAL'!V10) -> 0 | W13: =SUM('ADVANCE & ELECTION DAY TOTAL'!W10) -> 6 | X13: 14 | Y13: =SUM(E13:X13) -> 159 | Z13: 1 | AA13: =SUM(Y13:Z13) -> 160
C14: Tracey Mann | D14: Rep. | E14: =SUM('ADVANCE & ELECTION DAY TOTAL'!E11) -> 20 | F14: =SUM('ADVANCE & ELECTION DAY TOTAL'!F11) -> 48 | G14: =SUM('ADVANCE & ELECTION DAY TOTAL'!G11) -> 39 | H14: =SUM('ADVANCE & ELECTION DAY TOTAL'!H11) -> 27 | I14: =SUM('ADVANCE & ELECTION DAY TOTAL'!I11) -> 24 | J14: =SUM('ADVANCE & ELECTION DAY TOTAL'!J11) -> 75 | K14: 330 | L14: 116 | M14: =SUM('ADVANCE & ELECTION DAY TOTAL'!M11) -> 6 | N14: =SUM('ADVANCE & ELECTION DAY TOTAL'!N11) -> 41 | O14: Tracey Mann | P14: Rep. | Q14: =SUM('ADVANCE & ELECTION DAY TOTAL'!Q11) -> 32 | R14: =SUM('ADVANCE & ELECTION DAY TOTAL'!R11) -> 17 | S14: =SUM('ADVANCE & ELECTION DAY TOTAL'!S11) -> 63 | T14: =SUM('ADVANCE & ELECTION DAY TOTAL'!T11) -> 30 | U14: =SUM('ADVANCE & ELECTION DAY TOTAL'!U11) -> 13 | V14: =SUM('ADVANCE & ELECTION DAY TOTAL'!V11) -> 14 | W14: =SUM('ADVANCE & ELECTION DAY TOTAL'!W11) -> 79 | X14: =SUM('ADVANCE & ELECTION DAY TOTAL'!X11) -> 94 | Y14: =SUM(E14:X14) -> 1068 | Z14: 27 | AA14: =SUM(Y14:Z14) -> 1095
E15: =SUM('ADVANCE & ELECTION DAY TOTAL'!E12) -> 0 | F15: =SUM('ADVANCE:ELECTION DAY'!F12) -> 0 | G15: =SUM('ADVANCE:ELECTION DAY'!G12) -> 0 | H15: =SUM('ADVANCE:ELECTION DAY'!H12) -> 0 | I15: =SUM('ADVANCE:ELECTION DAY'!I12) -> 0 | J15: =SUM('ADVANCE:ELECTION DAY'!J12) -> 0 | K15: =SUM('ADVANCE:ELECTION DAY'!K12) -> 0 | L15: =SUM('ADVANCE:ELECTION DAY'!L12) -> 0 | M15: =SUM('ADVANCE:ELECTION DAY'!M12) -> 0 | N15: =SUM('ADVANCE:ELECTION DAY'!N12) -> 0 | Q15: =SUM('ADVANCE & ELECTION DAY TOTAL'!Q12) -> 0 | R15: =SUM('ADVANCE & ELECTION DAY TOTAL'!R12) -> 0 | S15: =SUM('ADVANCE & ELECTION DAY TOTAL'!S12) -> 0 | T15: =SUM('ADVANCE & ELECTION DAY TOTAL'!T12) -> 0 | U15: =SUM('ADVANCE & ELECTION DAY TOTAL'!U12) -> 0 | V15: =SUM('ADVANCE & ELECTION DAY TOTAL'!V12) -> 0 | W15: =SUM('ADVANCE & ELECTION DAY TOTAL'!W12) -> 0 | X15: =SUM('ADVANCE & ELECTION DAY TOTAL'!X12) -> 0
B16: STATE SENATOR 40TH DISTRICT | O16: STATE SENATOR 40TH DISTRICT
C17: Richard (Rick) Billinger | D17: Rep. | E17: =SUM('ADVANCE & ELECTION DAY TOTAL'!E14) -> 20 | F17: =SUM('ADVANCE & ELECTION DAY TOTAL'!F14) -> 48 | G17: =SUM('ADVANCE & ELECTION DAY TOTAL'!G14) -> 41 | H17: =SUM('ADVANCE & ELECTION DAY TOTAL'!H14) -> 31 | I17: =SUM('ADVANCE & ELECTION DAY TOTAL'!I14) -> 28 | J17: =SUM('ADVANCE & ELECTION DAY TOTAL'!J14) -> 72 | K17: 351 | L17: 118 | M17: =SUM('ADVANCE & ELECTION DAY TOTAL'!M14) -> 5 | N17: =SUM('ADVANCE & ELECTION DAY TOTAL'!N14) -> 44 | O17: Richard (Rick) Billinger | Q17: =SUM('ADVANCE & ELECTION DAY TOTAL'!Q14) -> 32 | R17: =SUM('ADVANCE & ELECTION DAY TOTAL'!R14) -> 16 | S17: 67 | T17: =SUM('ADVANCE & ELECTION DAY TOTAL'!T14) -> 31 | U17: =SUM('ADVANCE & ELECTION DAY TOTAL'!U14) -> 18 | V17: =SUM('ADVANCE & ELECTION DAY TOTAL'!V14) -> 15 | W17: =SUM('ADVANCE & ELECTION DAY TOTAL'!W14) -> 76 | X17: 99 | Y17: =SUM(E17:X17) -> 1112 | Z17: 24 | AA17: =SUM(Y17:Z17) -> 1136
B18: STATE REPRESENTATIVE 110TH DISTRICT | O18: STATE REPRESENTATIVE 110TH DISTRICT
C19: ellace Henderson | D19: Dem. | E19: =SUM('ADVANCE & ELECTION DAY TOTAL'!E16) -> 0 | F19: =SUM('ADVANCE & ELECTION DAY TOTAL'!F16) -> 7 | G19: =SUM('ADVANCE & ELECTION DAY TOTAL'!G16) -> 5 | H19: =SUM('ADVANCE & ELECTION DAY TOTAL'!H16) -> 6 | I19: =SUM('ADVANCE & ELECTION DAY TOTAL'!I16) -> 7 | J19: =SUM('ADVANCE & ELECTION DAY TOTAL'!J16) -> 16 | K19: 72 | L19: =SUM('ADVANCE & ELECTION DAY TOTAL'!L16) -> 24 | M19: =SUM('ADVANCE & ELECTION DAY TOTAL'!M16) -> 0 | N19: =SUM('ADVANCE & ELECTION DAY TOTAL'!N16) -> 5 | O19: ellace Henderson | P19: Dem. | Q19: =SUM('ADVANCE & ELECTION DAY TOTAL'!Q16) -> 1 | R19: =SUM('ADVANCE & ELECTION DAY TOTAL'!R16) -> 2 | S19: =SUM('ADVANCE & ELECTION DAY TOTAL'!S16) -> 9 | T19: =SUM('ADVANCE & ELECTION DAY TOTAL'!T16) -> 0 | U19: =SUM('ADVANCE & ELECTION DAY TOTAL'!U16) -> 9 | V19: =SUM('ADVANCE & ELECTION DAY TOTAL'!V16) -> 1 | W19: =SUM('ADVANCE & ELECTION DAY TOTAL'!W16) -> 8 | X19: =SUM('ADVANCE & ELECTION DAY TOTAL'!X16) -> 13 | Y19: =SUM(E19:X19) -> 185 | Z19: 3 | AA19: =SUM(Y19:Z19) -> 188
C20: Ken Rahjes | D20: Rep. | E20: =SUM('ADVANCE & ELECTION DAY TOTAL'!E17) -> 20 | F20: =SUM('ADVANCE & ELECTION DAY TOTAL'!F17) -> 38 | G20: =SUM('ADVANCE & ELECTION DAY TOTAL'!G17) -> 39 | H20: =SUM('ADVANCE & ELECTION DAY TOTAL'!H17) -> 28 | I20: =SUM('ADVANCE & ELECTION DAY TOTAL'!I17) -> 23 | J20: =SUM('ADVANCE & ELECTION DAY TOTAL'!J17) -> 67 | K20: 310 | L20: 104 | M20: =SUM('ADVANCE & ELECTION DAY TOTAL'!M17) -> 5 | N20: =SUM('ADVANCE & ELECTION DAY TOTAL'!N17) -> 39 | O20: Ken Rahjes | P20: Rep. | Q20: =SUM('ADVANCE & ELECTION DAY TOTAL'!Q17) -> 30 | R20: =SUM('ADVANCE & ELECTION DAY TOTAL'!R17) -> 15 | S20: =SUM('ADVANCE & ELECTION DAY TOTAL'!S17) -> 58 | T20: =SUM('ADVANCE & ELECTION DAY TOTAL'!T17) -> 31 | U20: =SUM('ADVANCE & ELECTION DAY TOTAL'!U17) -> 12 | V20: =SUM('ADVANCE & ELECTION DAY TOTAL'!V17) -> 13 | W20: =SUM('ADVANCE & ELECTION DAY TOTAL'!W17) -> 76 | X20: =SUM('ADVANCE & ELECTION DAY TOTAL'!X17) -> 92 | Y20: =SUM(E20:X20) -> 1000 | Z20: 22 | AA20: =SUM(Y20:Z20) -> 1022
B21: DISTRICT COURT JUDGE 17TH DISTRICT 1ST DIVISION | O21: DISTRICT COURT JUDGE 17TH DISTRICT 1ST DIVISION
C22: Jesse A. Thompson | D22: Rep. | E22: 18 | F22: =SUM('ADVANCE & ELECTION DAY TOTAL'!F19) -> 43 | G22: =SUM('ADVANCE & ELECTION DAY TOTAL'!G19) -> 42 | H22: =SUM('ADVANCE & ELECTION DAY TOTAL'!H19) -> 31 | I22: =SUM('ADVANCE & ELECTION DAY TOTAL'!I19) -> 27 | J22: =SUM('ADVANCE & ELECTION DAY TOTAL'!J19) -> 72 | K22: 361 | L22: =SUM('ADVANCE & ELECTION DAY TOTAL'!L19) -> 127 | M22: =SUM('ADVANCE & ELECTION DAY TOTAL'!M19) -> 3 | N22: 41 | O22: Jesse A. Thompson | P22: Rep. | Q22: =SUM('ADVANCE & ELECTION DAY TOTAL'!Q19) -> 30 | R22: =SUM('ADVANCE & ELECTION DAY TOTAL'!R19) -> 16 | S22: 67 | T22: =SUM('ADVANCE & ELECTION DAY TOTAL'!T19) -> 26 | U22: =SUM('ADVANCE & ELECTION DAY TOTAL'!U19) -> 18 | V22: =SUM('ADVANCE & ELECTION DAY TOTAL'!V19) -> 15 | W22: =SUM('ADVANCE & ELECTION DAY TOTAL'!W19) -> 75 | X22: =SUM('ADVANCE & ELECTION DAY TOTAL'!X19) -> 99 | Y22: =SUM(E22:X22) -> 1111 | Z22: 26 | AA22: =SUM(Y22:Z22) -> 1137
E23: =SUM('ADVANCE & ELECTION DAY TOTAL'!E20) -> 0 | F23: =SUM('ADVANCE:ELECTION DAY'!F20) -> 0 | G23: =SUM('ADVANCE:ELECTION DAY'!G20) -> 0 | H23: =SUM('ADVANCE:ELECTION DAY'!H20) -> 0 | I23: =SUM('ADVANCE:ELECTION DAY'!I20) -> 0 | J23: =SUM('ADVANCE:ELECTION DAY'!J20) -> 0 | K23: =SUM('ADVANCE:ELECTION DAY'!K20) -> 0 | L23: =SUM('ADVANCE:ELECTION DAY'!L20) -> 0 | M23: =SUM('ADVANCE:ELECTION DAY'!M20) -> 0 | N23: =SUM('ADVANCE:ELECTION DAY'!N20) -> 0 | Q23: =SUM('ADVANCE & ELECTION DAY TOTAL'!Q20) -> 0 | R23: =SUM('ADVANCE & ELECTION DAY TOTAL'!R20) -> 0 | S23: =SUM('ADVANCE & ELECTION DAY TOTAL'!S20) -> 0 | T23: =SUM('ADVANCE & ELECTION DAY TOTAL'!T20) -> 0 | U23: =SUM('ADVANCE & ELECTION DAY TOTAL'!U20) -> 0 | V23: =SUM('ADVANCE & ELECTION DAY TOTAL'!V20) -> 0 | W23: =SUM('ADVANCE & ELECTION DAY TOTAL'!W20) -> 0 | X23: =SUM('ADVANCE & ELECTION DAY TOTAL'!X20) -> 0
B24: DISTRICT COURT JUDGE 17TH DISTRICT 2ND DIVISION | O24: DISTRICT COURT JUDGE 17TH DISTRICT 2ND DIVISION
C25: Paula D. Hofaker | D25: Rep. | E25: 19 | F25: =SUM('ADVANCE & ELECTION DAY TOTAL'!F22) -> 42 | G25: =SUM('ADVANCE & ELECTION DAY TOTAL'!G22) -> 40 | H25: =SUM('ADVANCE & ELECTION DAY TOTAL'!H22) -> 30 | I25: =SUM('ADVANCE & ELECTION DAY TOTAL'!I22) -> 25 | J25: =SUM('ADVANCE & ELECTION DAY TOTAL'!J22) -> 67 | K25: 342 | L25: 115 | M25: =SUM('ADVANCE & ELECTION DAY TOTAL'!M22) -> 4 | N25: =SUM('ADVANCE & ELECTION DAY TOTAL'!N22) -> 43 | O25: Paula D. Hofaker | P25: Rep. | Q25: =SUM('ADVANCE & ELECTION DAY TOTAL'!Q22) -> 29 | R25: =SUM('ADVANCE & ELECTION DAY TOTAL'!R22) -> 17 | S25: 64 | T25: =SUM('ADVANCE & ELECTION DAY TOTAL'!T22) -> 29 | U25: =SUM('ADVANCE & ELECTION DAY TOTAL'!U22) -> 17 | V25: 12 | W25: =SUM('ADVANCE & ELECTION DAY TOTAL'!W22) -> 74 | X25: =SUM('ADVANCE & ELECTION DAY TOTAL'!X22) -> 98 | Y25: =SUM(E25:X25) -> 1067 | Z25: 22 | AA25: =SUM(Y25:Z25) -> 1089
B26: DISTRICT MAGISTRATE JUDGE 17TH DISTRICT 1ST POSITION | O26: DISTRICT MAGISTRATE JUDGE 17TH DISTRICT 1ST POSITION
C27: Morgan Nutting | D27: Rep. | E27: =SUM('ADVANCE & ELECTION DAY TOTAL'!E24) -> 19 | F27: =SUM('ADVANCE & ELECTION DAY TOTAL'!F24) -> 41 | G27: =SUM('ADVANCE & ELECTION DAY TOTAL'!G24) -> 41 | H27: =SUM('ADVANCE & ELECTION DAY TOTAL'!H24) -> 31 | I27: =SUM('ADVANCE & ELECTION DAY TOTAL'!I24) -> 25 | J27: =SUM('ADVANCE & ELECTION DAY TOTAL'!J24) -> 74 | K27: 366 | L27: 129 | M27: =SUM('ADVANCE & ELECTION DAY TOTAL'!M24) -> 5 | N27: =SUM('ADVANCE & ELECTION DAY TOTAL'!N24) -> 38 | O27: Morgan Nutting | P27: Rep. | Q27: =SUM('ADVANCE & ELECTION DAY TOTAL'!Q24) -> 30 | R27: =SUM('ADVANCE & ELECTION DAY TOTAL'!R24) -> 16 | S27: =SUM('ADVANCE & ELECTION DAY TOTAL'!S24) -> 58 | T27: =SUM('ADVANCE & ELECTION DAY TOTAL'!T24) -> 26 | U27: =SUM('ADVANCE & ELECTION DAY TOTAL'!U24) -> 15 | V27: 17 | W27: =SUM('ADVANCE & ELECTION DAY TOTAL'!W24) -> 74 | X27: =SUM('ADVANCE & ELECTION DAY TOTAL'!X24) -> 99 | Y27: =SUM(E27:X27) -> 1104 | Z27: 26 | AA27: =SUM(Y27:Z27) -> 1130
O30: STATE OF KANSAS,
O31: Graham County, ss.
P32: We, the undersigned, members of the County Board of Canvassers for said County, do hereby
O33: certify that the foregoing abstract of votes cast at the General election held in Graham County on the 5th day of November A.D. 2024, is
O34: true and correct as shown by the returns of said election on file in the office of the County Election officer and canvassed by us
O35: this 15th day of November A.D. 2024.
O36: Witness our hands, this 15th day of November A.D. 2024.
O37: Attest: | S37: _____________________________
O38: _____________________________ | S38: _____________________________
O39: County Election Officer. | S39: _____________________________
T40: County Board of Canvassers.
B42: Abstract of Votes Cast at the Primary Election in | O42: Abstract of Votes Cast at the Primary Election in
B43: Graham County Kansas, on the 5th day of November, 2024 | O43: Graham County Kansas, on the 5th day of November, 2024
B44: Number of Voters Voting | C44: 1317
B45: Registered Voters | C45: 1808
B46: Turnout | C46: 0.73
B47: NAME OF OFFICE | C47: NAME OF PERSON VOTED FOR | D47: PARTY | E47: ALLODIUM | F47: BRYANT | G47: GETTYSBURG | H47: GRAHAM | I47: HAPPPY | J47: HILL CITY #1 | K47: HILL CITY #2 | L47: HILL CITY #3 | M47: HILL CITY TWP #71 | N47: HILL CITY TWP #72 | O47: NAME OF PERSON VOTED FOR | P47: PARTY | Q47: HILL CITY TWP #73 | R47: INDIANA | S47: MILLBROOK | T47: MORLAN | U47: NICODEMUS | V47: PIONEER | W47: SOLOMON | X47: WILDHORSE | Y47: TOTAL | Z47: PROVISIONAL | AA47: TOTAL
B48: COUNTY COMMISSIONER 2ND DISTRICT | O48: COUNTY COMMISSIONER 2ND DISTRICT
C49: Jason Nelson | D49: Rep | E49: =SUM('ADVANCE:ELECTION DAY'!E35) -> 0 | F49: =SUM('ADVANCE:ELECTION DAY'!F35) -> 0 | G49: =SUM('ADVANCE:ELECTION DAY'!G35) -> 0 | H49: =SUM('ADVANCE:ELECTION DAY'!H35) -> 32 | I49: =SUM('ADVANCE:ELECTION DAY'!I35) -> 0 | J49: =SUM('ADVANCE:ELECTION DAY'!J35) -> 0 | K49: 325 | L49: =SUM('ADVANCE:ELECTION DAY'!L35) -> 0 | M49: =SUM('ADVANCE:ELECTION DAY'!M35) -> 0 | N49: =SUM('ADVANCE:ELECTION DAY'!N35) -> 35 | O49: Jason Nelson | P49: Rep | Q49: =SUM('ADVANCE:ELECTION DAY'!Q35) -> 0 | R49: =SUM('ADVANCE:ELECTION DAY'!R35) -> 0 | S49: =SUM('ADVANCE:ELECTION DAY'!S35) -> 0 | T49: =SUM('ADVANCE:ELECTION DAY'!T35) -> 0 | U49: =SUM('ADVANCE:ELECTION DAY'!U35) -> 16 | V49: =SUM('ADVANCE:ELECTION DAY'!V35) -> 17 | W49: =SUM('ADVANCE:ELECTION DAY'!W35) -> 0 | X49: =SUM('ADVANCE:ELECTION DAY'!X35) -> 0 | Y49: =E49+F49+G49+H49+I49+J49+K49+L49+M49+N49+Q49+R49+S49+T49+U49+V49+W49+X49 -> 425 | Z49: 15 | AA49: =SUM(Y49:Z49) -> 440
E50: =SUM('ADVANCE:ELECTION DAY'!E36) -> 0 | F50: =SUM('ADVANCE:ELECTION DAY'!F36) -> 0 | G50: =SUM('ADVANCE:ELECTION DAY'!G36) -> 0 | H50: =SUM('ADVANCE:ELECTION DAY'!H36) -> 0 | I50: =SUM('ADVANCE:ELECTION DAY'!I36) -> 0 | J50: =SUM('ADVANCE:ELECTION DAY'!J36) -> 0 | K50: =SUM('ADVANCE:ELECTION DAY'!K36) -> 0 | L50: =SUM('ADVANCE:ELECTION DAY'!L36) -> 0 | ... N50: =SUM('ADVANCE:ELECTION DAY'!N36) -> 0 | Q50: =SUM('ADVANCE:ELECTION DAY'!Q36) -> 0 | R50: =SUM('ADVANCE:ELECTION DAY'!R36) -> 0 | S50: =SUM('ADVANCE:ELECTION DAY'!S36) -> 0 | T50: =SUM('ADVANCE:ELECTION DAY'!T36) -> 0 | U50: =SUM('ADVANCE:ELECTION DAY'!U36) -> 0 | V50: =SUM('ADVANCE:ELECTION DAY'!V36) -> 0 | W50: =SUM('ADVANCE:ELECTION DAY'!W36) -> 0 | X50: =SUM('ADVANCE:ELECTION DAY'!X36) -> 0 | Y50: =E50+F50+G50+H50+I50+J50+K50+L50+M50+N50+Q50+R50+S50+T50+U50+V50+W50+X50 -> 0
B51: COUNTY COMMISSIONER 3RD DISTRICT | O51: COUNTY COMMISSIONER 3RD DISTRICT
C52: Dan Irby | D52: Rep | E52: =SUM('ADVANCE:ELECTION DAY'!E38) -> 0 | F52: =SUM('ADVANCE:ELECTION DAY'!F38) -> 0 | G52: =SUM('ADVANCE:ELECTION DAY'!G38) -> 0 | H52: =SUM('ADVANCE:ELECTION DAY'!H38) -> 0 | I52: =SUM('ADVANCE:ELECTION DAY'!I38) -> 30 | J52: =SUM('ADVANCE:ELECTION DAY'!J38) -> 0 | K52: =SUM('ADVANCE:ELECTION DAY'!K38) -> 0 | L52: =SUM('ADVANCE:ELECTION DAY'!L38) -> 122 | ... N52: =SUM('ADVANCE:ELECTION DAY'!N38) -> 0 | O52: Dan Irby | P52: Rep | Q52: =SUM('ADVANCE:ELECTION DAY'!Q38) -> 29 | R52: =SUM('ADVANCE:ELECTION DAY'!R38) -> 0 | S52: =SUM('ADVANCE:ELECTION DAY'!S38) -> 60 | T52: =SUM('ADVANCE:ELECTION DAY'!T38) -> 30 | U52: =SUM('ADVANCE:ELECTION DAY'!U38) -> 0 | V52: =SUM('ADVANCE:ELECTION DAY'!V38) -> 0 | W52: =SUM('ADVANCE:ELECTION DAY'!W38) -> 0 | X52: =SUM('ADVANCE:ELECTION DAY'!X38) -> 96 | Y52: =E52+F52+G52+H52+I52+J52+K52+L52+M52+N52+Q52+R52+S52+T52+U52+V52+W52+X52 -> 367 | Z52: 4 | AA52: =SUM(Y52:Z52) -> 371
E53: =SUM('ADVANCE:ELECTION DAY'!E39) -> 0 | F53: =SUM('ADVANCE:ELECTION DAY'!F39) -> 0 | G53: =SUM('ADVANCE:ELECTION DAY'!G39) -> 0 | H53: =SUM('ADVANCE:ELECTION DAY'!H39) -> 0 | I53: =SUM('ADVANCE:ELECTION DAY'!I39) -> 0 | J53: =SUM('ADVANCE:ELECTION DAY'!J39) -> 0 | K53: =SUM('ADVANCE:ELECTION DAY'!K39) -> 0 | L53: =SUM('ADVANCE:ELECTION DAY'!L39) -> 0 | ... N53: =SUM('ADVANCE:ELECTION DAY'!N39) -> 0 | Q53: =SUM('ADVANCE:ELECTION DAY'!Q39) -> 0 | R53: =SUM('ADVANCE:ELECTION DAY'!R39) -> 0 | S53: =SUM('ADVANCE:ELECTION DAY'!S39) -> 0 | T53: =SUM('ADVANCE:ELECTION DAY'!T39) -> 0 | U53: =SUM('ADVANCE:ELECTION DAY'!U39) -> 0 | V53: =SUM('ADVANCE:ELECTION DAY'!V39) -> 0 | W53: =SUM('ADVANCE:ELECTION DAY'!W39) -> 0 | X53: =SUM('ADVANCE:ELECTION DAY'!X39) -> 0 | Y53: =E53+F53+G53+H53+I53+J53+K53+L53+M53+N53+Q53+R53+S53+T53+U53+V53+W53+X53 -> 0
B54: COUNTY CLERK | O54: COUNTY CLERK
C55: Kendra Robinson | D55: Rep. | E55: =SUM('ADVANCE:ELECTION DAY'!E41) -> 20 | F55: =SUM('ADVANCE:ELECTION DAY'!F41) -> 46 | G55: =SUM('ADVANCE:ELECTION DAY'!G41) -> 40 | H55: =SUM('ADVANCE:ELECTION DAY'!H41) -> 28 | I55: =SUM('ADVANCE:ELECTION DAY'!I41) -> 29 | J55: =SUM('ADVANCE:ELECTION DAY'!J41) -> 74 | K55: 361 | L55: 118 | M55: =SUM('ADVANCE:ELECTION DAY'!M41) -> 4 | N55: =SUM('ADVANCE:ELECTION DAY'!N41) -> 43 | O55: Kendra Robinson | P55: Rep. | Q55: =SUM('ADVANCE:ELECTION DAY'!Q41) -> 30 | R55: =SUM('ADVANCE:ELECTION DAY'!R41) -> 16 | S55: =SUM('ADVANCE:ELECTION DAY'!S41) -> 62 | T55: =SUM('ADVANCE:ELECTION DAY'!T41) -> 30 | U55: =SUM('ADVANCE:ELECTION DAY'!U41) -> 18 | V55: 16 | W55: =SUM('ADVANCE:ELECTION DAY'!W41) -> 80 | X55: =SUM('ADVANCE:ELECTION DAY'!X41) -> 99 | Y55: =E55+F55+G55+H55+I55+J55+K55+L55+M55+N55+Q55+R55+S55+T55+U55+V55+W55+X55 -> 1114 | Z55: 24 | AA55: =SUM(Y55:Z55) -> 1138
B56: COUNTY TREASURER | O56: COUNTY TREASURER
C57: Jerilyn Keith | D57: Rep | E57: =SUM('ADVANCE:ELECTION DAY'!E43) -> 20 | F57: =SUM('ADVANCE:ELECTION DAY'!F43) -> 46 | G57: =SUM('ADVANCE:ELECTION DAY'!G43) -> 42 | H57: =SUM('ADVANCE:ELECTION DAY'!H43) -> 32 | I57: =SUM('ADVANCE:ELECTION DAY'!I43) -> 29 | J57: 75 | K57: 373 | L57: =SUM('ADVANCE:ELECTION DAY'!L43) -> 125 | M57: =SUM('ADVANCE:ELECTION DAY'!M43) -> 5 | N57: =SUM('ADVANCE:ELECTION DAY'!N43) -> 44 | O57: Jerilyn Keith | P57: Rep | Q57: =SUM('ADVANCE:ELECTION DAY'!Q43) -> 29 | R57: =SUM('ADVANCE:ELECTION DAY'!R43) -> 17 | S57: =SUM('ADVANCE:ELECTION DAY'!S43) -> 65 | T57: =SUM('ADVANCE:ELECTION DAY'!T43) -> 30 | U57: =SUM('ADVANCE:ELECTION DAY'!U43) -> 18 | V57: =SUM('ADVANCE:ELECTION DAY'!V43) -> 16 | W57: =SUM('ADVANCE:ELECTION DAY'!W43) -> 77 | X57: 101 | Y57: =E57+F57+G57+H57+I57+J57+K57+L57+M57+N57+Q57+R57+S57+T57+U57+V57+W57+X57 -> 1144 | Z57: 25 | AA57: =SUM(Y57:Z57) -> 1169
E58: =SUM('ADVANCE:ELECTION DAY'!E44) -> 0 | F58: =SUM('ADVANCE:ELECTION DAY'!F44) -> 0 | G58: =SUM('ADVANCE:ELECTION DAY'!G44) -> 0 | H58: =SUM('ADVANCE:ELECTION DAY'!H44) -> 0 | I58: =SUM('ADVANCE:ELECTION DAY'!I44) -> 0 | J58: =SUM('ADVANCE:ELECTION DAY'!J44) -> 0 | K58: =SUM('ADVANCE:ELECTION DAY'!K44) -> 0 | L58: =SUM('ADVANCE:ELECTION DAY'!L44) -> 0 | ... N58: =SUM('ADVANCE:ELECTION DAY'!N44) -> 0 | Q58: =SUM('ADVANCE:ELECTION DAY'!Q44) -> 0 | R58: =SUM('ADVANCE:ELECTION DAY'!R44) -> 0 | S58: =SUM('ADVANCE:ELECTION DAY'!S44) -> 0 | T58: =SUM('ADVANCE:ELECTION DAY'!T44) -> 0 | U58: =SUM('ADVANCE:ELECTION DAY'!U44) -> 0 | V58: =SUM('ADVANCE:ELECTION DAY'!V44) -> 0 | W58: =SUM('ADVANCE:ELECTION DAY'!W44) -> 0 | X58: =SUM('ADVANCE:ELECTION DAY'!X44) -> 0 | Y58: =E58+F58+G58+H58+I58+J58+K58+L58+M58+N58+Q58+R58+S58+T58+U58+V58+W58+X58 -> 0
B59: COUNTY REGISTER OF DEEDS | O59: COUNTY REGISTER OF DEEDS
C60: Dani Roeder | D60: Rep | E60: =SUM('ADVANCE:ELECTION DAY'!E46) -> 15 | F60: =SUM('ADVANCE:ELECTION DAY'!F46) -> 38 | G60: =SUM('ADVANCE:ELECTION DAY'!G46) -> 29 | H60: =SUM('ADVANCE:ELECTION DAY'!H46) -> 23 | I60: =SUM('ADVANCE:ELECTION DAY'!I46) -> 24 | J60: =SUM('ADVANCE:ELECTION DAY'!J46) -> 46 | K60: 293 | L60: 88 | M60: =SUM('ADVANCE:ELECTION DAY'!M46) -> 0 | N60: =SUM('ADVANCE:ELECTION DAY'!N46) -> 16 | O60: Dani Roeder | P60: Rep | Q60: =SUM('ADVANCE:ELECTION DAY'!Q46) -> 25 | R60: =SUM('ADVANCE:ELECTION DAY'!R46) -> 12 | S60: =SUM('ADVANCE:ELECTION DAY'!S46) -> 41 | T60: =SUM('ADVANCE:ELECTION DAY'!T46) -> 29 | U60: =SUM('ADVANCE:ELECTION DAY'!U46) -> 17 | V60: 5 | W60: =SUM('ADVANCE:ELECTION DAY'!W46) -> 54 | X60: =SUM('ADVANCE:ELECTION DAY'!X46) -> 87 | Y60: =E60+F60+G60+H60+I60+J60+K60+L60+M60+N60+Q60+R60+S60+T60+U60+V60+W60+X60 -> 842 | Z60: 22 | AA60: =SUM(Y60:Z60) -> 864
C61: Kelli VanLoenen W.I | E61: =SUM('ADVANCE:ELECTION DAY'!E47) -> 5 | F61: =SUM('ADVANCE:ELECTION DAY'!F47) -> 3 | G61: =SUM('ADVANCE:ELECTION DAY'!G47) -> 13 | H61: =SUM('ADVANCE:ELECTION DAY'!H47) -> 11 | I61: =SUM('ADVANCE:ELECTION DAY'!I47) -> 4 | J61: =SUM('ADVANCE:ELECTION DAY'!J47) -> 33 | K61: =SUM('ADVANCE:ELECTION DAY'!K47) -> 86 | L61: =SUM('ADVANCE:ELECTION DAY'!L47) -> 39 | ... N61: =SUM('ADVANCE:ELECTION DAY'!N47) -> 22 | O61: Kelli VanLoenen W.I | Q61: =SUM('ADVANCE:ELECTION DAY'!Q47) -> 4 | R61: =SUM('ADVANCE:ELECTION DAY'!R47) -> 4 | S61: =SUM('ADVANCE:ELECTION DAY'!S47) -> 26 | T61: =SUM('ADVANCE:ELECTION DAY'!T47) -> 2 | U61: =SUM('ADVANCE:ELECTION DAY'!U47) -> 2 | V61: =SUM('ADVANCE:ELECTION DAY'!V47) -> 9 | W61: 21 | X61: =SUM('ADVANCE:ELECTION DAY'!X47) -> 18 | Y61: =E61+F61+G61+H61+I61+J61+K61+L61+M61+N61+Q61+R61+S61+T61+U61+V61+W61+X61 -> 308 | Z61: 4 | AA61: =SUM(Y61:Z61) -> 312
B62: COUNTY ATTORNEY | O62: COUNTY ATTORNEY
C63: Michael Abbott | D63: Rep | E63: =SUM('ADVANCE:ELECTION DAY'!E49) -> 20 | F63: =SUM('ADVANCE:ELECTION DAY'!F49) -> 42 | G63: =SUM('ADVANCE:ELECTION DAY'!G49) -> 40 | H63: =SUM('ADVANCE:ELECTION DAY'!H49) -> 31 | I63: =SUM('ADVANCE:ELECTION DAY'!I49) -> 23 | J63: =SUM('ADVANCE:ELECTION DAY'!J49) -> 71 | K63: 342 | L63: 113 | M63: =SUM('ADVANCE:ELECTION DAY'!M49) -> 3 | N63: =SUM('ADVANCE:ELECTION DAY'!N49) -> 42 | O63: Michael Abbott | P63: Rep | Q63: =SUM('ADVANCE:ELECTION DAY'!Q49) -> 30 | R63: =SUM('ADVANCE:ELECTION DAY'!R49) -> 16 | S63: =SUM('ADVANCE:ELECTION DAY'!S49) -> 62 | T63: 29 | U63: =SUM('ADVANCE:ELECTION DAY'!U49) -> 18 | V63: =SUM('ADVANCE:ELECTION DAY'!V49) -> 11 | W63: =SUM('ADVANCE:ELECTION DAY'!W49) -> 76 | X63: =SUM('ADVANCE:ELECTION DAY'!X49) -> 96 | Y63: =E63+F63+G63+H63+I63+J63+K63+L63+M63+N63+Q63+R63+S63+T63+U63+V63+W63+X63 -> 1065 | Z63: 22 | AA63: =SUM(Y63:Z63) -> 1087
B64: COUNTY SHERIFF | O64: COUNTY SHERIFF
C65: Les Burton | D65: Rep | E65: 16 | F65: 46 | G65: =SUM('ADVANCE:ELECTION DAY'!G51) -> 36 | H65: =SUM('ADVANCE:ELECTION DAY'!H51) -> 31 | I65: =SUM('ADVANCE:ELECTION DAY'!I51) -> 27 | J65: =SUM('ADVANCE:ELECTION DAY'!J51) -> 72 | K65: 309 | L65: =SUM('ADVANCE:ELECTION DAY'!L51) -> 113 | M65: =SUM('ADVANCE:ELECTION DAY'!M51) -> 4 | N65: =SUM('ADVANCE:ELECTION DAY'!N51) -> 43 | O65: Les Burton | P65: Rep | Q65: =SUM('ADVANCE:ELECTION DAY'!Q51) -> 28 | R65: =SUM('ADVANCE:ELECTION DAY'!R51) -> 16 | S65: =SUM('ADVANCE:ELECTION DAY'!S51) -> 56 | T65: =SUM('ADVANCE:ELECTION DAY'!T51) -> 25 | U65: =SUM('ADVANCE:ELECTION DAY'!U51) -> 18 | V65: =SUM('ADVANCE:ELECTION DAY'!V51) -> 16 | W65: =SUM('ADVANCE:ELECTION DAY'!W51) -> 75 | X65: =SUM('ADVANCE:ELECTION DAY'!X51) -> 87 | Y65: =E65+F65+G65+H65+I65+J65+K65+L65+M65+N65+Q65+R65+S65+T65+U65+V65+W65+X65 -> 1018 | Z65: 22 | AA65: =SUM(Y65:Z65) -> 1040
E66: =SUM('ADVANCE:ELECTION DAY'!E52) -> 0 | Y66: =E66+F66+G66+H66+I66+J66+K66+L66+M66+N66+Q66+R66+S66+T66+U66+V66+W66+X66 -> 0
O67: STATE OF KANSAS,
O68: Graham County, ss.
P69: We, the undersigned, members of the County Board of Canvassers for said County, do hereby
O70: certify that the foregoing abstract of votes cast at the General election held in Graham County on the 5th day of November A.D. 2024, is
O71: true and correct as shown by the returns of said election on file in the office of the County Election officer and canvassed by us
O72: this 15th day of November A.D. 2024.
O73: Witness our hands, this 15th day of November A.D. 2024.
O74: Attest: | S74: _____________________________
O75: _____________________________ | S75: _____________________________
O76: County Election Officer. | S76: _____________________________
T77: County Board of Canvassers.
B80: Abstract of Votes Cast at the Primary Election in | O80: Abstract of Votes Cast at the Primary Election in
B81: Graham County Kansas, on the 5th day of November, 2024 | O81: Graham County Kansas, on the 5th day of November, 2024
B82: Number of Voters Voting | C82: 1317
B83: Registered Voters | C83: 1808
B84: Turnout | C84: 0.73
B85: NAME OF OFFICE | C85: NAME OF PERSON VOTED FOR | D85: PARTY | E85: ALLODIUM | F85: BRYANT | G85: GETTYSBURG | H85: GRAHAM | I85: HAPPPY | J85: HILL CITY #1 | K85: HILL CITY #2 | L85: HILL CITY #3 | M85: HILL CITY TWP #71 | N85: HILL CITY TWP #72 | O85: NAME OF PERSON VOTED FOR | P85: PARTY | Q85: HILL CITY TWP #73 | R85: INDIANA | S85: MILLBROOK | T85: MORLAN | U85: NICODEMUS | V85: PIONEER | W85: SOLOMON | X85: WILDHORSE | Y85: TOTAL | Z85: PROVISIONAL | AA85: TOTAL
B86: TOWNSHIP TRUSTEE | O86: TOWNSHIP TRUSTEE
B87: Allodium Township | O87: Allodium Township
C88: Deborah Jackson | D88: Rep. | E88: 19 | F88: =SUM('ADVANCE:ELECTION DAY'!F63) -> 0 | G88: =SUM('ADVANCE:ELECTION DAY'!G63) -> 0 | H88: =SUM('ADVANCE:ELECTION DAY'!H63) -> 0 | I88: =SUM('ADVANCE:ELECTION DAY'!I63) -> 0 | J88: =SUM('ADVANCE:ELECTION DAY'!J63) -> 0 | K88: =SUM('ADVANCE:ELECTION DAY'!K63) -> 0 | L88: =SUM('ADVANCE:ELECTION DAY'!L63) -> 0 | M88: =SUM('ADVANCE:ELECTION DAY'!M63) -> 0 | N88: =SUM('ADVANCE:ELECTION DAY'!N63) -> 0 | O88: Deborah Jackson | P88: Rep. | Q88: =SUM('ADVANCE:ELECTION DAY'!Q63) -> 0 | R88: =SUM('ADVANCE:ELECTION DAY'!R63) -> 0 | S88: =SUM('ADVANCE:ELECTION DAY'!S63) -> 0 | T88: =SUM('ADVANCE:ELECTION DAY'!T63) -> 0 | U88: =SUM('ADVANCE:ELECTION DAY'!U63) -> 0 | V88: =SUM('ADVANCE:ELECTION DAY'!V63) -> 0 | W88: =SUM('ADVANCE:ELECTION DAY'!W63) -> 0 | X88: =SUM('ADVANCE:ELECTION DAY'!X63) -> 0 | Y88: =E88+F88+G88+H88+I88+J88+K88+L88+M88+N88+Q88+R88+S88+T88+U88+V88+W88+X88 -> 19 | Z88: 0 | AA88: =SUM(Y88:Z88) -> 19
E89: =SUM('ADVANCE:ELECTION DAY'!E64) -> 0 | F89: =SUM('ADVANCE:ELECTION DAY'!F64) -> 0 | G89: =SUM('ADVANCE:ELECTION DAY'!G64) -> 0 | H89: =SUM('ADVANCE:ELECTION DAY'!H64) -> 0 | I89: =SUM('ADVANCE:ELECTION DAY'!I64) -> 0 | J89: =SUM('ADVANCE:ELECTION DAY'!J64) -> 0 | K89: =SUM('ADVANCE:ELECTION DAY'!K64) -> 0 | L89: =SUM('ADVANCE:ELECTION DAY'!L64) -> 0 | ... N89: =SUM('ADVANCE:ELECTION DAY'!N64) -> 0 | Q89: =SUM('ADVANCE:ELECTION DAY'!Q64) -> 0 | R89: =SUM('ADVANCE:ELECTION DAY'!R64) -> 0 | S89: =SUM('ADVANCE:ELECTION DAY'!S64) -> 0 | T89: =SUM('ADVANCE:ELECTION DAY'!T64) -> 0 | U89: =SUM('ADVANCE:ELECTION DAY'!U64) -> 0 | V89: =SUM('ADVANCE:ELECTION DAY'!V64) -> 0 | W89: =SUM('ADVANCE:ELECTION DAY'!W64) -> 0 | X89: =SUM('ADVANCE:ELECTION DAY'!X64) -> 0 | Y89: =E89+F89+G89+H89+I89+J89+K89+L89+M89+N89+Q89+R89+S89+T89+U89+V89+W89+X89 -> 0
B90: Bryant Township | O90: Bryant Township
C91: Allen Nickelson | D91: Rep. | E91: =SUM('ADVANCE:ELECTION DAY'!E66) -> 0 | F91: 41 | G91: =SUM('ADVANCE:ELECTION DAY'!G66) -> 0 | H91: =SUM('ADVANCE:ELECTION DAY'!H66) -> 0 | I91: =SUM('ADVANCE:ELECTION DAY'!I66) -> 0 | J91: =SUM('ADVANCE:ELECTION DAY'!J66) -> 0 | K91: =SUM('ADVANCE:ELECTION DAY'!K66) -> 0 | L91: =SUM('ADVANCE:ELECTION DAY'!L66) -> 0 | M91: =SUM('ADVANCE:ELECTION DAY'!M66) -> 0 | N91: =SUM('ADVANCE:ELECTION DAY'!N66) -> 0 | O91: Allen Nickelson | P91: Rep. | Q91: =SUM('ADVANCE:ELECTION DAY'!Q66) -> 0 | R91: =SUM('ADVANCE:ELECTION DAY'!R66) -> 0 | S91: =SUM('ADVANCE:ELECTION DAY'!S66) -> 0 | T91: =SUM('ADVANCE:ELECTION DAY'!T66) -> 0 | U91: =SUM('ADVANCE:ELECTION DAY'!U66) -> 0 | V91: =SUM('ADVANCE:ELECTION DAY'!V66) -> 0 | W91: =SUM('ADVANCE:ELECTION DAY'!W66) -> 0 | X91: =SUM('ADVANCE:ELECTION DAY'!X66) -> 0 | Y91: =E91+F91+G91+H91+I91+J91+K91+L91+M91+N91+Q91+R91+S91+T91+U91+V91+W91+X91 -> 41 | Z91: 0 | AA91: =SUM(Y91:Z91) -> 41
E92: =SUM('ADVANCE:ELECTION DAY'!E67) -> 0 | F92: =SUM('ADVANCE:ELECTION DAY'!F67) -> 0 | G92: =SUM('ADVANCE:ELECTION DAY'!G67) -> 0 | H92: =SUM('ADVANCE:ELECTION DAY'!H67) -> 0 | I92: =SUM('ADVANCE:ELECTION DAY'!I67) -> 0 | J92: =SUM('ADVANCE:ELECTION DAY'!J67) -> 0 | K92: =SUM('ADVANCE:ELECTION DAY'!K67) -> 0 | L92: =SUM('ADVANCE:ELECTION DAY'!L67) -> 0 | ... N92: =SUM('ADVANCE:ELECTION DAY'!N67) -> 0 | Q92: =SUM('ADVANCE:ELECTION DAY'!Q67) -> 0 | R92: =SUM('ADVANCE:ELECTION DAY'!R67) -> 0 | S92: =SUM('ADVANCE:ELECTION DAY'!S67) -> 0 | T92: =SUM('ADVANCE:ELECTION DAY'!T67) -> 0 | U92: =SUM('ADVANCE:ELECTION DAY'!U67) -> 0 | V92: =SUM('ADVANCE:ELECTION DAY'!V67) -> 0 | W92: =SUM('ADVANCE:ELECTION DAY'!W67) -> 0 | X92: =SUM('ADVANCE:ELECTION DAY'!X67) -> 0 | Y92: =E92+F92+G92+H92+I92+J92+K92+L92+M92+N92+Q92+R92+S92+T92+U92+V92+W92+X92 -> 0
B93: Gettysburg Township | O93: Gettysburg Township
C94: John Goddard | D94: Rep. | E94: =SUM('ADVANCE:ELECTION DAY'!E69) -> 0 | F94: =SUM('ADVANCE:ELECTION DAY'!F69) -> 0 | G94: 43 | H94: =SUM('ADVANCE:ELECTION DAY'!H69) -> 0 | I94: =SUM('ADVANCE:ELECTION DAY'!I69) -> 0 | J94: =SUM('ADVANCE:ELECTION DAY'!J69) -> 0 | K94: =SUM('ADVANCE:ELECTION DAY'!K69) -> 0 | L94: =SUM('ADVANCE:ELECTION DAY'!L69) -> 0 | M94: =SUM('ADVANCE:ELECTION DAY'!M69) -> 0 | N94: =SUM('ADVANCE:ELECTION DAY'!N69) -> 0 | O94: John Goddard | P94: Rep. | Q94: =SUM('ADVANCE:ELECTION DAY'!Q69) -> 0 | R94: =SUM('ADVANCE:ELECTION DAY'!R69) -> 0 | S94: =SUM('ADVANCE:ELECTION DAY'!S69) -> 0 | T94: =SUM('ADVANCE:ELECTION DAY'!T69) -> 0 | U94: =SUM('ADVANCE:ELECTION DAY'!U69) -> 0 | V94: =SUM('ADVANCE:ELECTION DAY'!V69) -> 0 | W94: =SUM('ADVANCE:ELECTION DAY'!W69) -> 0 | X94: =SUM('ADVANCE:ELECTION DAY'!X69) -> 0 | Y94: =E94+F94+G94+H94+I94+J94+K94+L94+M94+N94+Q94+R94+S94+T94+U94+V94+W94+X94 -> 43 | Z94: 1 | AA94: =SUM(Y94:Z94) -> 44
E95: =SUM('ADVANCE:ELECTION DAY'!E70) -> 0 | F95: =SUM('ADVANCE:ELECTION DAY'!F70) -> 0 | G95: =SUM('ADVANCE:ELECTION DAY'!G70) -> 0 | H95: =SUM('ADVANCE:ELECTION DAY'!H70) -> 0 | I95: =SUM('ADVANCE:ELECTION DAY'!I70) -> 0 | J95: =SUM('ADVANCE:ELECTION DAY'!J70) -> 0 | K95: =SUM('ADVANCE:ELECTION DAY'!K70) -> 0 | L95: =SUM('ADVANCE:ELECTION DAY'!L70) -> 0 | ... N95: =SUM('ADVANCE:ELECTION DAY'!N70) -> 0 | Q95: =SUM('ADVANCE:ELECTION DAY'!Q70) -> 0 | R95: =SUM('ADVANCE:ELECTION DAY'!R70) -> 0 | S95: =SUM('ADVANCE:ELECTION DAY'!S70) -> 0 | T95: =SUM('ADVANCE:ELECTION DAY'!T70) -> 0 | U95: =SUM('ADVANCE:ELECTION DAY'!U70) -> 0 | V95: =SUM('ADVANCE:ELECTION DAY'!V70) -> 0 | W95: =SUM('ADVANCE:ELECTION DAY'!W70) -> 0 | X95: =SUM('ADVANCE:ELECTION DAY'!X70) -> 0 | Y95: =E95+F95+G95+H95+I95+J95+K95+L95+M95+N95+Q95+R95+S95+T95+U95+V95+W95+X95 -> 0
B96: Graham Township | O96: Graham Township
E97: =SUM('ADVANCE:ELECTION DAY'!E72) -> 0 | F97: =SUM('ADVANCE:ELECTION DAY'!F72) -> 0 | G97: =SUM('ADVANCE:ELECTION DAY'!G72) -> 0 | H97: =SUM('ADVANCE:ELECTION DAY'!H72) -> 0 | I97: =SUM('ADVANCE:ELECTION DAY'!I72) -> 0 | J97: =SUM('ADVANCE:ELECTION DAY'!J72) -> 0 | K97: =SUM('ADVANCE:ELECTION DAY'!K72) -> 0 | L97: =SUM('ADVANCE:ELECTION DAY'!L72) -> 0 | ... N97: =SUM('ADVANCE:ELECTION DAY'!N72) -> 0 | Q97: =SUM('ADVANCE:ELECTION DAY'!Q72) -> 0 | R97: =SUM('ADVANCE:ELECTION DAY'!R72) -> 0 | S97: =SUM('ADVANCE:ELECTION DAY'!S72) -> 0 | T97: =SUM('ADVANCE:ELECTION DAY'!T72) -> 0 | U97: =SUM('ADVANCE:ELECTION DAY'!U72) -> 0 | V97: =SUM('ADVANCE:ELECTION DAY'!V72) -> 0 | W97: =SUM('ADVANCE:ELECTION DAY'!W72) -> 0 | X97: =SUM('ADVANCE:ELECTION DAY'!X72) -> 0 | Y97: =E97+F97+G97+H97+I97+J97+K97+L97+M97+N97+Q97+R97+S97+T97+U97+V97+W97+X97 -> 0
B98: Happy Township | O98: Happy Township
C99: Wilbur Stites | D99: Rep. | E99: =SUM('ADVANCE:ELECTION DAY'!E74) -> 0 | F99: =SUM('ADVANCE:ELECTION DAY'!F74) -> 0 | G99: =SUM('ADVANCE:ELECTION DAY'!G74) -> 0 | H99: =SUM('ADVANCE:ELECTION DAY'!H74) -> 0 | I99: 30 | J99: =SUM('ADVANCE:ELECTION DAY'!J74) -> 0 | K99: =SUM('ADVANCE:ELECTION DAY'!K74) -> 0 | L99: =SUM('ADVANCE:ELECTION DAY'!L74) -> 0 | M99: =SUM('ADVANCE:ELECTION DAY'!M74) -> 0 | N99: =SUM('ADVANCE:ELECTION DAY'!N74) -> 0 | O99: Wilbur Stites | P99: Rep. | Q99: =SUM('ADVANCE:ELECTION DAY'!Q74) -> 0 | R99: =SUM('ADVANCE:ELECTION DAY'!R74) -> 0 | S99: =SUM('ADVANCE:ELECTION DAY'!S74) -> 0 | T99: =SUM('ADVANCE:ELECTION DAY'!T74) -> 0 | U99: =SUM('ADVANCE:ELECTION DAY'!U74) -> 0 | V99: =SUM('ADVANCE:ELECTION DAY'!V74) -> 0 | W99: =SUM('ADVANCE:ELECTION DAY'!W74) -> 0 | X99: =SUM('ADVANCE:ELECTION DAY'!X74) -> 0 | Y99: =E99+F99+G99+H99+I99+J99+K99+L99+M99+N99+Q99+R99+S99+T99+U99+V99+W99+X99 -> 30 | Z99: 0 | AA99: =SUM(Y99:Z99) -> 30
B100: Hill City Township | O100: Hill City Township
C101: Joy Radcliffe | D101: Rep. | E101: =SUM('ADVANCE:ELECTION DAY'!E76) -> 0 | F101: =SUM('ADVANCE:ELECTION DAY'!F76) -> 0 | G101: =SUM('ADVANCE:ELECTION DAY'!G76) -> 0 | H101: =SUM('ADVANCE:ELECTION DAY'!H76) -> 0 | I101: =SUM('ADVANCE:ELECTION DAY'!I76) -> 0 | J101: 78 | K101: 375 | L101: 124 | M101: 5 | N101: 40 | O101: Joy Radcliffe | P101: Rep. | Q101: 32 | R101: =SUM('ADVANCE:ELECTION DAY'!R76) -> 0 | S101: =SUM('ADVANCE:ELECTION DAY'!S76) -> 0 | T101: =SUM('ADVANCE:ELECTION DAY'!T76) -> 0 | U101: =SUM('ADVANCE:ELECTION DAY'!U76) -> 0 | V101: =SUM('ADVANCE:ELECTION DAY'!V76) -> 0 | W101: =SUM('ADVANCE:ELECTION DAY'!W76) -> 0 | X101: =SUM('ADVANCE:ELECTION DAY'!X76) -> 0 | Y101: =E101+F101+G101+H101+I101+J101+K101+L101+M101+N101+Q101+R101+S101+T101+U101+V101+W101+X101 -> 654 | Z101: 23 | AA101: =SUM(Y101:Z101) -> 677
E102: =SUM('ADVANCE:ELECTION DAY'!E77) -> 0 | Y102: =E102+F102+G102+H102+I102+J102+K102+L102+M102+N102+Q102+R102+S102+T102+U102+V102+W102+X102 -> 0
B103: Indiana Township | O103: Indiana Township
C104: Lonnie Beckman | D104: Rep. | E104: =SUM('ADVANCE:ELECTION DAY'!E79) -> 0 | F104: =SUM('ADVANCE:ELECTION DAY'!F79) -> 0 | G104: =SUM('ADVANCE:ELECTION DAY'!G79) -> 0 | H104: =SUM('ADVANCE:ELECTION DAY'!H79) -> 0 | I104: =SUM('ADVANCE:ELECTION DAY'!I79) -> 0 | J104: =SUM('ADVANCE:ELECTION DAY'!J79) -> 0 | K104: =SUM('ADVANCE:ELECTION DAY'!K79) -> 0 | L104: =SUM('ADVANCE:ELECTION DAY'!L79) -> 0 | ... N104: =SUM('ADVANCE:ELECTION DAY'!N79) -> 0 | O104: Lonnie Beckman | P104: Rep. | Q104: =SUM('ADVANCE:ELECTION DAY'!Q79) -> 0 | R104: 16 | S104: =SUM('ADVANCE:ELECTION DAY'!S79) -> 0 | T104: =SUM('ADVANCE:ELECTION DAY'!T79) -> 0 | U104: =SUM('ADVANCE:ELECTION DAY'!U79) -> 0 | V104: =SUM('ADVANCE:ELECTION DAY'!V79) -> 0 | W104: =SUM('ADVANCE:ELECTION DAY'!W79) -> 0 | X104: =SUM('ADVANCE:ELECTION DAY'!X79) -> 0 | Y104: =E104+F104+G104+H104+I104+J104+K104+L104+M104+N104+Q104+R104+S104+T104+U104+V104+W104+X104 -> 16 | Z104: 0 | AA104: =SUM(Y104:Z104) -> 16
B105: Millbrook Township | O105: Millbrook Township
...
