Workbook

Sheet START

Sheet ADVANCE
B1: November 5th, 2024
B2: ADVANCE TOTALS
B3: NAME OF OFFICE | C3: NAME OF PERSON VOTED FOR | D3: PARTY | E3: ALLODIUM | F3: BRYANT | G3: GETTYSBURG | H3: GRAHAM | I3: HAPPPY | J3: HILL CITY #1 | K3: HILL CITY #2 | L3: HILL CITY #3 | M3: HILL CITY TWP #71 | N3: HILL CITY TWP #72 | O3: NAME OF PERSON VOTED FOR | P3: PARTY | Q3: HILL CITY TWP #73 | R3: INDIANA | S3: MILLBROOK | T3: MORLAN | U3: NICODEMUS | V3: PIONEER | W3: SOLOMON | X3: WILDHORSE | Y3: TOTAL
B4: HOSPITAL Board Pos. 4 | O4: HOSPITAL
C5: Michelle Smee | E5: 2 | G5: 2 | H5: 1 | I5: 2 | J5: 5 | K5: 31 | L5: 5 | N5: 2 | O5: Michelle Smee | Q5: 1 | S5: 3 | T5: 3 | V5: 4 | W5: 3 | X5: 6 | Y5: =SUM(D5:X5) -> 70
C6: Nikki Presley | E6: 1 | O6: Nikki Presley | Y6: =SUM(D6:X6) -> 1
C7: T. Treas | F7: 1 | O7: T. Treas | Y7: =SUM(D7:X7) -> 1
C8: Mark Fergeson | F8: 2 | O8: Mark Fergeson | Y8: =SUM(D8:X8) -> 2
C9: Cody Keiswetter | H9: 1 | O9: Cody Keiswetter | Y9: =SUM(D9:X9) -> 1
C10: Connie Gish | I10: 1 | O10: Connie Gish | S10: 1 | Y10: =SUM(D10:X10) -> 2
C11: Michelle Billips | J11: 1 | L11: 1 | O11: Michelle Billips | Y11: =SUM(D11:X11) -> 2
C12: Rhonda Goddard | J12: 1 | O12: Rhonda Goddard | Y12: =SUM(D12:X12) -> 1
C13: Chris Smee | J13: 1 | L13: 1 | O13: Chris Smee | Y13: =SUM(D13:X13) -> 2
C14: Dan Irby | K14: 2 | N14: 1 | O14: Dan Irby | S14: 1 | W14: 1 | Y14: =SUM(D14:X14) -> 5
C15: Dan Worcester | K15: 1 | O15: Dan Worcester | Y15: =SUM(D15:X15) -> 1
C16: David Atkins | K16: 1 | O16: David Atkins | Y16: =SUM(D16:X16) -> 1
C17: Marcy Gansel | K17: 1 | O17: Marcy Gansel | Y17: =SUM(D17:X17) -> 1
C18: Cindy Underhill | K18: 1 | L18: 1 | M18: 1 | N18: 1 | O18: Cindy Underhill | Y18: =SUM(D18:X18) -> 4
C19: Kay Money | K19: 1 | O19: Kay Money | X19: 1 | Y19: =SUM(D19:X19) -> 2
C20: Kimberly Kinderknecht | K20: 1 | O20: Kimberly Kinderknecht | Y20: =SUM(D20:X20) -> 1
C21: Ethan Edwards | K21: 1 | O21: Ethan Edwards | Y21: =SUM(D21:X21) -> 1
C22: Ron Radcliffe | K22: 1 | O22: Ron Radcliffe | Y22: =SUM(D22:X22) -> 1
C23: Joyce Reese | K23: 1 | O23: Joyce Reese | Y23: =SUM(D23:X23) -> 1
C24: Lance Post | K24: 1 | L24: 2 | N24: 1 | O24: Lance Post | Y24: =SUM(D24:X24) -> 4
C25: Saundra Nickelson | K25: 1 | O25: Saundra Nickelson | Y25: =SUM(D25:X25) -> 1
C26: Reggie Jordan | K26: 1 | O26: Reggie Jordan | Y26: =SUM(D26:X26) -> 1
C27: Cole Keiswetter | K27: 1 | O27: Cole Keiswetter | Y27: =SUM(D27:X27) -> 1
C28: Joy Robison | K28: 1 | O28: Joy Robison | Y28: =SUM(D28:X28) -> 1
C29: Dannis Robison | K29: 1 | O29: Dannis Robison | Y29: =SUM(D29:X29) -> 1
C30: Bruce VanLoenen | K30: 1 | O30: Bruce VanLoenen | Y30: =SUM(D30:X30) -> 1
C31: Missy Atkins | L31: 1 | O31: Missy Atkins | Y31: =SUM(L31:X31) -> 1
C32: Mike Parks | L32: 1 | O32: Mike Parks | Y32: =SUM(L32:X32) -> 1
C33: Curt Hamel | L33: 1 | O33: Curt Hamel | Y33: =SUM(D33:X33) -> 1
C34: Dr. Handy | L34: 1 | O34: Dr. Handy | Y34: =SUM(D34:X34) -> 1
C35: Dennis Mersch | L35: 1 | N35: 1 | O35: Dennis Mersch | Y35: =SUM(D35:X35) -> 2
C36: Debra Tremblay | L36: 1 | O36: Debra Tremblay | Y36: =SUM(D36:X36) -> 1
C37: Teri Cooper | M37: 1 | O37: Teri Cooper | Y37: =SUM(D37:X37) -> 1
C38: Brandy Born | N38: 2 | O38: Brandy Born | Y38: =SUM(D38:X38) -> 2
C39: Jessica Smith | O39: Jessica Smith | Q39: 1 | Y39: =SUM(D39:X39) -> 1
C40: Shawn Brown | O40: Shawn Brown | Q40: 1 | Y40: =SUM(D40:X40) -> 1
B41: November 5th, 2024
B42: ADVANCE TOTALS
B43: NAME OF OFFICE | C43: NAME OF PERSON VOTED FOR | D43: PARTY | E43: ALLODIUM | F43: BRYANT | G43: GETTYSBURG | H43: GRAHAM | I43: HAPPPY | J43: HILL CITY #1 | K43: HILL CITY #2 | L43: HILL CITY #3 | M43: HILL CITY TWP #71 | N43: HILL CITY TWP #72 | O43: NAME OF PERSON VOTED FOR | P43: PARTY | Q43: HILL CITY TWP #73 | R43: INDIANA | S43: MILLBROOK | T43: MORLAN | U43: NICODEMUS | V43: PIONEER | W43: SOLOMON | X43: WILDHORSE | Y43: TOTAL
B44: HOSPITAL Board Pos. 4 | O44: HOSPITAL
C45: Barbara Stites | E45: 0 | O45: Barbara Stites | Y45: =SUM(E45:X45) -> 0
C46: Vera Garrison | O46: Vera Garrison | Q46: 1 | Y46: =SUM(E46:X46) -> 1
C47: Jana Irby | O47: Jana Irby | Q47: 1 | Y47: =SUM(E47:X47) -> 1
C48: Deb Hill | O48: Deb Hill | S48: 1 | Y48: =SUM(E48:X48) -> 1
C49: Renee Jackson | O49: Renee Jackson | S49: 1 | Y49: =SUM(E49:X49) -> 1
C50: Ryan Scott | O50: Ryan Scott | S50: 1 | Y50: =SUM(E50:X50) -> 1
C51: Sue Worcester | O51: Sue Worcester | U51: 1 | X51: 1 | Y51: =SUM(U51:X51) -> 2
C52: Esther Clark | O52: Esther Clark | U52: 1 | Y52: =SUM(U52:X52) -> 1
C53: Tessa Tremblay | O53: Tessa Tremblay | W53: 1 | Y53: =SUM(E53:X53) -> 1
C54: Tawny Ashbaugh | O54: Tawny Ashbaugh | W54: 1 | Y54: =SUM(E54:X54) -> 1
C55: Roy Voss | E55: 0 | O55: Roy Voss | X55: 1 | Y55: =SUM(E55:X55) -> 1
C56: Barb Grecian | O56: Barb Grecian | X56: 1 | Y56: =SUM(E56:X56) -> 1
C57: Kim Nutting | O57: Kim Nutting | X57: 2 | Y57: =SUM(E57:X57) -> 2
C58: Sue Rohleder | E58: 0 | O58: Sue Rohleder | Y58: =SUM(E58:X58) -> 0
C59: Dusti Bagley | E59: 0 | O59: Dusti Bagley | Y59: =SUM(E59:X59) -> 0
C60: Dale Deighton | E60: 0 | O60: Dale Deighton | Y60: =SUM(E60:X60) -> 0
C61: Melissa Atkins | E61: 0 | O61: Melissa Atkins | Y61: =SUM(E61:X61) -> 0
B62: November 5th, 2024
B63: ADVANCE TOTALS
B64: NAME OF OFFICE | C64: NAME OF PERSON VOTED FOR | D64: PARTY | E64: ALLODIUM | F64: BRYANT | G64: GETTYSBURG | H64: GRAHAM | I64: HAPPPY | J64: HILL CITY #1 | K64: HILL CITY #2 | L64: HILL CITY #3 | M64: HILL CITY TWP #71 | N64: HILL CITY TWP #72 | O64: NAME OF PERSON VOTED FOR | P64: PARTY | Q64: HILL CITY TWP #73 | R64: INDIANA | S64: MILLBROOK | T64: MORLAN | U64: NICODEMUS | V64: PIONEER | W64: SOLOMON | X64: WILDHORSE | Y64: TOTAL
B65: HOSPITAL Board Pos. 4 | O65: HOSPITAL
C66: Jolyn Mauck | O66: Jolyn Mauck | Y66: =SUM(E66:X66) -> 0
C67: Billie Frakes | O67: Billie Frakes | Y67: =SUM(E67:X67) -> 0
C68: Rodney Belleau | O68: Rodney Belleau | Y68: =SUM(E68:X68) -> 0
C69: Thomas Rodriguez | O69: Thomas Rodriguez | Y69: =SUM(E69:X69) -> 0
C70: Miranda Pimlott | O70: Miranda Pimlott | Y70: =SUM(E70:X70) -> 0
C71: Vince Walker | O71: Vince Walker | Y71: =SUM(E71:X71) -> 0
C72: Sara Keiswetter | O72: Sara Keiswetter | Y72: =SUM(E72:X72) -> 0
C73: Jim Braford | O73: Jim Braford | Y73: =SUM(E73:X73) -> 0
C74: Smee | O74: Smee | Y74: =SUM(E74:X74) -> 0
C75: Fred Keener | O75: Fred Keener | Y75: =SUM(E75:X75) -> 0
C76: Judy Goltl | O76: Judy Goltl | Y76: =SUM(E76:X76) -> 0
C77: Daryl Stute | O77: Daryl Stute | Y77: =SUM(E77:X77) -> 0
... C90: Kelsie Kenyon | O90: Kelsie Kenyon | Y90: =SUM(E90:X90) -> 0
Y91: =SUM(E91:X91) -> 0
B92: CITY COUNCIL | O92: CITY COUNCIL
C93: Marcy Gansel | K93: 1 | O93: Marcy Gansel | Y93: =SUM(E93:X93) -> 1
C94: Christopher Mikkelson | K94: 1 | O94: Christopher Mikkelson | Y94: =SUM(E94:X94) -> 1
C95: Daniel Thyfault | K95: 1 | O95: Daniel Thyfault | Y95: =SUM(E95:X95) -> 1
C96: Chad Pittman | L96: 1 | O96: Chad Pittman | Y96: =SUM(E96:X96) -> 1
C97: Bill Miller | O97: Bill Miller | Y97: =SUM(E97:X97) -> 0
C98: Smee | O98: Smee | Y98: =SUM(E98:X98) -> 0
C99: Taylor Myers | O99: Taylor Myers | Y99: =SUM(E99:X99) -> 0
C100: Brandon Born | O100: Brandon Born | Y100: =SUM(E100:X100) -> 0
C101: Blake Born | O101: Blake Born | Y101: =SUM(E101:X101) -> 0
C102: Brett Garrison | O102: Brett Garrison | Y102: =SUM(E102:X102) -> 0
C103: Tawny Ashbaugh | Y103: =SUM(E103:X103) -> 0
B104: November 5th, 2024
B105: ADVANCE TOTALS
B107: NAME OF OFFICE | C107: NAME OF PERSON VOTED FOR | D107: PARTY | E107: ALLODIUM | F107: BRYANT | G107: GETTYSBURG | H107: GRAHAM | I107: HAPPPY | J107: HILL CITY #1 | K107: HILL CITY #2 | L107: HILL CITY #3 | M107: HILL CITY TWP #71 | N107: HILL CITY TWP #72 | O107: NAME OF PERSON VOTED FOR | P107: PARTY | Q107: HILL CITY TWP #73 | R107: INDIANA | S107: MILLBROOK | T107: MORLAN | U107: NICODEMUS | V107: PIONEER | W107: SOLOMON | X107: WILDHORSE | Y107: TOTAL
B108: TOWNSHIP TRUSTEE | O108: TOWNSHIP TRUSTEE
B109: Allodium | O109: Allodium
C110: Stephanie David | E110: 1 | O110: Stephanie David | Y110: =SUM(E110:X110) -> 1
B112: Bryant | O112: Bryant
C113: Thomas Brown | F113: 4 | O113: Thomas Brown | Y113: =SUM(E113:X113) -> 4
B114: Graham | O114: Graham
...

Sheet ELECTION DAY
B1: November 5th, 2024
B2: ELECTION DAY TOTALS
B3: NAME OF OFFICE | C3: NAME OF PERSON VOTED FOR | D3: PARTY | E3: ALLODIUM | F3: BRYANT | G3: GETTYSBURG | H3: GRAHAM | I3: HAPPPY | J3: HILL CITY #1 | K3: HILL CITY #2 | L3: HILL CITY #3 | M3: HILL CITY TWP #71 | N3: HILL CITY TWP #72 | O3: NAME OF PERSON VOTED FOR | P3: PARTY | Q3: HILL CITY TWP #73 | R3: INDIANA | S3: MILLBROOK | T3: MORLAN | U3: NICODEMUS | V3: PIONEER | W3: SOLOMON | X3: WILDHORSE | Y3: TOTAL
B4: HOSPITAL Board Pos. 4 | O4: HOSPITAL
C5: Michelle Smee | G5: 3 | H5: 3 | J5: 4 | K5: 27 | L5: 2 | N5: 5 | O5: Michelle Smee | Q5: 3 | R5: 1 | S5: 2 | U5: 1 | V5: 3 | X5: 4 | Y5: =SUM(D5:X5) -> 58
C6: Nikki Presley | O6: Nikki Presley | Y6: =SUM(D6:X6) -> 0
C7: T. Treas | O7: T. Treas | Y7: =SUM(D7:X7) -> 0
C8: Mark Fergeson | O8: Mark Fergeson | Y8: =SUM(D8:X8) -> 0
C9: Cody Keiswetter | O9: Cody Keiswetter | Y9: =SUM(D9:X9) -> 0
C10: Connie Gish | L10: 1 | O10: Connie Gish | Y10: =SUM(D10:X10) -> 1
C11: Michelle Billips | O11: Michelle Billips | Y11: =SUM(D11:X11) -> 0
C12: Rhonda Goddard | O12: Rhonda Goddard | Y12: =SUM(D12:X12) -> 0
C13: Chris Smee | O13: Chris Smee | Y13: =SUM(D13:X13) -> 0
C14: Dan Irby | E14: 2 | J14: 1 | K14: 1 | O14: Dan Irby | Y14: =SUM(D14:X14) -> 4
C15: Dan Worcester | O15: Dan Worcester | Y15: =SUM(D15:X15) -> 0
C16: David Atkins | O16: David Atkins | W16: 1 | Y16: =SUM(D16:X16) -> 1
C17: Marcy Gansel | O17: Marcy Gansel | Y17: =SUM(D17:X17) -> 0
C18: Cindy Underhill | O18: Cindy Underhill | Y18: =SUM(D18:X18) -> 0
C19: Kay Money | O19: Kay Money | Y19: =SUM(D19:X19) -> 0
C20: Kimberly Kinderknecht | O20: Kimberly Kinderknecht | Y20: =SUM(D20:X20) -> 0
C21: Ethan Edwards | O21: Ethan Edwards | Y21: =SUM(D21:X21) -> 0
C22: Ron Radcliffe | O22: Ron Radcliffe | Y22: =SUM(D22:X22) -> 0
C23: Joyce Reese | O23: Joyce Reese | Y23: =SUM(D23:X23) -> 0
C24: Lance Post | L24: 1 | O24: Lance Post | Y24: =SUM(D24:X24) -> 1
C25: Saundra Nickelson | O25: Saundra Nickelson | Y25: =SUM(D25:X25) -> 0
C26: Reggie Jordan | O26: Reggie Jordan | Y26: =SUM(D26:X26) -> 0
C27: Cole Keiswetter | O27: Cole Keiswetter | Y27: =SUM(D27:X27) -> 0
C28: Joy Robison | O28: Joy Robison | Y28: =SUM(D28:X28) -> 0
C29: Dannis Robison | O29: Dannis Robison | Y29: =SUM(D29:X29) -> 0
C30: Bruce VanLoenen | K30: 1 | L30: 1 | O30: Bruce VanLoenen | Y30: =SUM(D30:X30) -> 2
C31: Missy Atkins | O31: Missy Atkins | Y31: =SUM(L31:X31) -> 0
C32: Mike Parks | O32: Mike Parks | Y32: =SUM(L32:X32) -> 0
C33: Curt Hamel | O33: Curt Hamel | Y33: =SUM(D33:X33) -> 0
C34: Dr. Handy | O34: Dr. Handy | Y34: =SUM(D34:X34) -> 0
C35: Dennis Mersch | O35: Dennis Mersch | Y35: =SUM(D35:X35) -> 0
C36: Debra Tremblay | O36: Debra Tremblay | Y36: =SUM(D36:X36) -> 0
C37: Teri Cooper | O37: Teri Cooper | Y37: =SUM(D37:X37) -> 0
C38: Brandy Born | J38: 1 | O38: Brandy Born | Y38: =SUM(D38:X38) -> 1
C39: Jessica Smith | O39: Jessica Smith | Y39: =SUM(D39:X39) -> 0
C40: Shawn Brown | O40: Shawn Brown | Y40: =SUM(D40:X40) -> 0
B41: November 5th, 2024
B42: ELECTION DAY TOTALS
B43: NAME OF OFFICE | C43: NAME OF PERSON VOTED FOR | D43: PARTY | E43: ALLODIUM | F43: BRYANT | G43: GETTYSBURG | H43: GRAHAM | I43: HAPPPY | J43: HILL CITY #1 | K43: HILL CITY #2 | L43: HILL CITY #3 | M43: HILL CITY TWP #71 | N43: HILL CITY TWP #72 | O43: NAME OF PERSON VOTED FOR | P43: PARTY | Q43: HILL CITY TWP #73 | R43: INDIANA | S43: MILLBROOK | T43: MORLAN | U43: NICODEMUS | V43: PIONEER | W43: SOLOMON | X43: WILDHORSE | Y43: TOTAL
B44: HOSPITAL Board Pos. 4 | O44: HOSPITAL
C45: Barbara Stites | I45: 1 | O45: Barbara Stites | Y45: =SUM(E45:X45) -> 1
C46: Vera Garrison | O46: Vera Garrison | Y46: =SUM(E46:X46) -> 0
C47: Jana Irby | O47: Jana Irby | Y47: =SUM(E47:X47) -> 0
C48: Deb Hill | O48: Deb Hill | Y48: =SUM(E48:X48) -> 0
C49: Renee Jackson | O49: Renee Jackson | Y49: =SUM(E49:X49) -> 0
C50: Ryan Scott | O50: Ryan Scott | Y50: =SUM(E50:X50) -> 0
C51: Sue Worcester | K51: 1 | L51: 1 | O51: Sue Worcester | Y51: =SUM(U51:X51) -> 0
C52: Esther Clark | O52: Esther Clark | Y52: =SUM(U52:X52) -> 0
C53: Tessa Tremblay | O53: Tessa Tremblay | Y53: =SUM(E53:X53) -> 0
C54: Tawny Ashbaugh | O54: Tawny Ashbaugh | Y54: =SUM(E54:X54) -> 0
C55: Roy Voss | O55: Roy Voss | Y55: =SUM(E55:X55) -> 0
C56: Barb Grecian | O56: Barb Grecian | T56: 1 | Y56: =SUM(E56:X56) -> 1
C57: Kim Nutting | O57: Kim Nutting | X57: 1 | Y57: =SUM(E57:X57) -> 1
C58: Sue Rohleder | F58: 1 | O58: Sue Rohleder | Y58: =SUM(E58:X58) -> 1
C59: Dusti Bagley | J59: 1 | K59: 1 | O59: Dusti Bagley | Y59: =SUM(E59:X59) -> 2
C60: Dale Deighton | K60: 1 | O60: Dale Deighton | Y60: =SUM(E60:X60) -> 1
C61: Melissa Atkins | K61: 1 | O61: Melissa Atkins | Y61: =SUM(E61:X61) -> 1
B62: November 5th, 2024
B63: ELECTION DAY TOTALS
B64: NAME OF OFFICE | C64: NAME OF PERSON VOTED FOR | D64: PARTY | E64: ALLODIUM | F64: BRYANT | G64: GETTYSBURG | H64: GRAHAM | I64: HAPPPY | J64: HILL CITY #1 | K64: HILL CITY #2 | L64: HILL CITY #3 | M64: HILL CITY TWP #71 | N64: HILL CITY TWP #72 | O64: NAME OF PERSON VOTED FOR | P64: PARTY | Q64: HILL CITY TWP #73 | R64: INDIANA | S64: MILLBROOK | T64: MORLAN | U64: NICODEMUS | V64: PIONEER | W64: SOLOMON | X64: WILDHORSE | Y64: TOTAL
B65: HOSPITAL Board Pos. 4 | O65: HOSPITAL
C66: Jolyn Mauck | K66: 1 | O66: Jolyn Mauck | Y66: =SUM(E66:X66) -> 1
C67: Billie Frakes | K67: 1 | O67: Billie Frakes | Y67: =SUM(E67:X67) -> 1
C68: Rodney Belleau | K68: 1 | O68: Rodney Belleau | Y68: =SUM(E68:X68) -> 1
C69: Thomas Rodriguez | K69: 1 | O69: Thomas Rodriguez | Y69: =SUM(E69:X69) -> 1
C70: Miranda Pimlott | K70: 1 | O70: Miranda Pimlott | Y70: =SUM(E70:X70) -> 1
C71: Vince Walker | K71: 1 | O71: Vince Walker | Y71: =SUM(E71:X71) -> 1
C72: Sara Keiswetter | K72: 1 | O72: Sara Keiswetter | Y72: =SUM(E72:X72) -> 1
C73: Jim Braford | K73: 1 | O73: Jim Braford | Y73: =SUM(E73:X73) -> 1
C74: Smee | K74: 2 | O74: Smee | V74: 1 | Y74: =SUM(E74:X74) -> 3
C75: Fred Keener | L75: 1 | O75: Fred Keener | Y75: =SUM(E75:X75) -> 1
C76: Judy Goltl | L76: 1 | O76: Judy Goltl | Y76: =SUM(E76:X76) -> 1
C77: Daryl Stute | L77: 1 | O77: Daryl Stute | Y77: =SUM(E77:X77) -> 1
C78: Sue Schulz | N78: 1 | O78: Sue Schulz | Y78: =SUM(E78:X78) -> 1
C79: Vance Garner | O79: Vance Garner | Q79: 1 | Y79: =SUM(E79:X79) -> 1
C80: Terry Davis | O80: Terry Davis | S80: 1 | Y80: =SUM(E80:X80) -> 1
C81: Mary McWilliams | O81: Mary McWilliams | S81: 1 | Y81: =SUM(E81:X81) -> 1
C82: Mike Smith | O82: Mike Smith | S82: 1 | Y82: =SUM(E82:X82) -> 1
C83: Johnella Holmes Reece | O83: Johnella Holmes Reece | U83: 1 | Y83: =SUM(E83:X83) -> 1
C84: Cynthia Knipp | O84: Cynthia Knipp | X84: 1 | Y84: =SUM(E84:X84) -> 1
C85: Valerie | O85: Valerie | X85: 1 | Y85: =SUM(E85:X85) -> 1
C86: Chase Keiswetter | O86: Chase Keiswetter | X86: 1 | Y86: =SUM(E86:X86) -> 1
C87: Liz VanLoenen | O87: Liz VanLoenen | X87: 1 | Y87: =SUM(E87:X87) -> 1
C88: Nathan Reeves | O88: Nathan Reeves | X88: 1 | Y88: =SUM(E88:X88) -> 1
C89: Lowell Hixon | O89: Lowell Hixon | X89: 1 | Y89: =SUM(E89:X89) -> 1
C90: Kelsie Kenyon | O90: Kelsie Kenyon | X90: 1 | Y90: =SUM(E90:X90) -> 1
Y91: =SUM(E91:X91) -> 0
B92: CITY COUNCIL | O92: CITY COUNCIL
C93: Marcy Gansel | O93: Marcy Gansel | Y93: =SUM(E93:X93) -> 0
C94: Christopher Mikkelson | O94: Christopher Mikkelson | Y94: =SUM(E94:X94) -> 0
C95: Daniel Thyfault | J95: 1 | O95: Daniel Thyfault | Y95: =SUM(E95:X95) -> 1
C96: Chad Pittman | O96: Chad Pittman | Y96: =SUM(E96:X96) -> 0
C97: Bill Miller | J97: 1 | K97: 1 | O97: Bill Miller | Y97: =SUM(E97:X97) -> 2
C98: Smee | K98: 1 | O98: Smee | Y98: =SUM(E98:X98) -> 1
C99: Taylor Myers | L99: 1 | O99: Taylor Myers | Y99: =SUM(E99:X99) -> 1
C100: Brandon Born | L100: 1 | O100: Brandon Born | Y100: =SUM(E100:X100) -> 1
...

Sheet END

Sheet ADVANCE & ELECTION DAY TOTAL
B1: November 5th, 2024
B2: TOTALS
B3: NAME OF OFFICE | C3: NAME OF PERSON VOTED FOR | D3: PARTY | E3: ALLODIUM | F3: BRYANT | G3: GETTYSBURG | H3: GRAHAM | I3: HAPPPY | J3: HILL CITY #1 | K3: HILL CITY #2 | L3: HILL CITY #3 | M3: HILL CITY TWP #71 | N3: HILL CITY TWP #72 | O3: NAME OF PERSON VOTED FOR | P3: PARTY | Q3: HILL CITY TWP #73 | R3: INDIANA | S3: MILLBROOK | T3: MORLAN | U3: NICODEMUS | V3: PIONEER | W3: SOLOMON | X3: WILDHORSE | Y3: TOTAL
B4: HOSPITAL Board Pos. 4 | O4: HOSPITAL
C5: Michelle Smee | E5: =SUM(START:END!E5) -> 2 | F5: =SUM(START:END!F5) -> 0 | G5: =SUM(START:END!G5) -> 5 | H5: =SUM(START:END!H5) -> 4 | I5: =SUM(START:END!I5) -> 2 | J5: =SUM(START:END!J5) -> 9 | K5: =SUM(START:END!K5) -> 58 | L5: =SUM(START:END!L5) -> 7 | ... N5: =SUM(START:END!N5) -> 7 | O5: Michelle Smee | Q5: =SUM(START:END!Q5) -> 4 | R5: =SUM(START:END!R5) -> 1 | S5: =SUM(START:END!S5) -> 5 | T5: =SUM(START:END!T5) -> 3 | U5: =SUM(START:END!U5) -> 1 | V5: =SUM(START:END!V5) -> 7 | W5: =SUM(START:END!W5) -> 3 | X5: =SUM(START:END!X5) -> 10 | Y5: =SUM(D5:X5) -> 128
C6: Nikki Presley | E6: =SUM(START:END!E6) -> 1 | F6: =SUM(START:END!F6) -> 0 | G6: =SUM(START:END!G6) -> 0 | H6: =SUM(START:END!H6) -> 0 | I6: =SUM(START:END!I6) -> 0 | J6: =SUM(START:END!J6) -> 0 | K6: =SUM(START:END!K6) -> 0 | L6: =SUM(START:END!L6) -> 0 | ... N6: =SUM(START:END!N6) -> 0 | O6: Nikki Presley | Q6: =SUM(START:END!Q6) -> 0 | R6: =SUM(START:END!R6) -> 0 | S6: =SUM(START:END!S6) -> 0 | T6: =SUM(START:END!T6) -> 0 | U6: =SUM(START:END!U6) -> 0 | V6: =SUM(START:END!V6) -> 0 | W6: =SUM(START:END!W6) -> 0 | X6: =SUM(START:END!X6) -> 0 | Y6: =SUM(D6:X6) -> 1
C7: T. Treas | E7: =SUM(START:END!E7) -> 0 | F7: =SUM(START:END!F7) -> 1 | G7: =SUM(START:END!G7) -> 0 | H7: =SUM(START:END!H7) -> 0 | I7: =SUM(START:END!I7) -> 0 | J7: =SUM(START:END!J7) -> 0 | K7: =SUM(START:END!K7) -> 0 | L7: =SUM(START:END!L7) -> 0 | ... N7: =SUM(START:END!N7) -> 0 | O7: T. Treas | Q7: =SUM(START:END!Q7) -> 0 | R7: =SUM(START:END!R7) -> 0 | S7: =SUM(START:END!S7) -> 0 | T7: =SUM(START:END!T7) -> 0 | U7: =SUM(START:END!U7) -> 0 | V7: =SUM(START:END!V7) -> 0 | W7: =SUM(START:END!W7) -> 0 | X7: =SUM(START:END!X7) -> 0 | Y7: =SUM(D7:X7) -> 1
C8: Mark Fergeson | E8: =SUM(START:END!E8) -> 0 | F8: =SUM(START:END!F8) -> 2 | G8: =SUM(START:END!G8) -> 0 | H8: =SUM(START:END!H8) -> 0 | I8: =SUM(START:END!I8) -> 0 | J8: =SUM(START:END!J8) -> 0 | K8: =SUM(START:END!K8) -> 0 | L8: =SUM(START:END!L8) -> 0 | ... N8: =SUM(START:END!N8) -> 0 | O8: Mark Fergeson | Q8: =SUM(START:END!Q8) -> 0 | R8: =SUM(START:END!R8) -> 0 | S8: =SUM(START:END!S8) -> 0 | T8: =SUM(START:END!T8) -> 0 | U8: =SUM(START:END!U8) -> 0 | V8: =SUM(START:END!V8) -> 0 | W8: =SUM(START:END!W8) -> 0 | X8: =SUM(START:END!X8) -> 0 | Y8: =SUM(D8:X8) -> 2
C9: Cody Keiswetter | E9: =SUM(START:END!E9) -> 0 | F9: =SUM(START:END!F9) -> 0 | G9: =SUM(START:END!G9) -> 0 | H9: =SUM(START:END!H9) -> 1 | I9: =SUM(START:END!I9) -> 0 | J9: =SUM(START:END!J9) -> 0 | K9: =SUM(START:END!K9) -> 0 | L9: =SUM(START:END!L9) -> 0 | ... N9: =SUM(START:END!N9) -> 0 | O9: Cody Keiswetter | Q9: =SUM(START:END!Q9) -> 0 | R9: =SUM(START:END!R9) -> 0 | S9: =SUM(START:END!S9) -> 0 | T9: =SUM(START:END!T9) -> 0 | U9: =SUM(START:END!U9) -> 0 | V9: =SUM(START:END!V9) -> 0 | W9: =SUM(START:END!W9) -> 0 | X9: =SUM(START:END!X9) -> 0 | Y9: =SUM(D9:X9) -> 1
C10: Connie Gish | E10: =SUM(START:END!E10) -> 0 | F10: =SUM(START:END!F10) -> 0 | G10: =SUM(START:END!G10) -> 0 | H10: =SUM(START:END!H10) -> 0 | I10: =SUM(START:END!I10) -> 1 | J10: =SUM(START:END!J10) -> 0 | K10: =SUM(START:END!K10) -> 0 | L10: =SUM(START:END!L10) -> 1 | ... N10: =SUM(START:END!N10) -> 0 | O10: Connie Gish | Q10: =SUM(START:END!Q10) -> 0 | R10: =SUM(START:END!R10) -> 0 | S10: =SUM(START:END!S10) -> 1 | T10: =SUM(START:END!T10) -> 0 | U10: =SUM(START:END!U10) -> 0 | V10: =SUM(START:END!V10) -> 0 | W10: =SUM(START:END!W10) -> 0 | X10: =SUM(START:END!X10) -> 0 | Y10: =SUM(D10:X10) -> 3
C11: Michelle Billips | E11: =SUM(START:END!E11) -> 0 | F11: =SUM(START:END!F11) -> 0 | G11: =SUM(START:END!G11) -> 0 | H11: =SUM(START:END!H11) -> 0 | I11: =SUM(START:END!I11) -> 0 | J11: =SUM(START:END!J11) -> 1 | K11: =SUM(START:END!K11) -> 0 | L11: =SUM(START:END!L11) -> 1 | ... N11: =SUM(START:END!N11) -> 0 | O11: Michelle Billips | Q11: =SUM(START:END!Q11) -> 0 | R11: =SUM(START:END!R11) -> 0 | S11: =SUM(START:END!S11) -> 0 | T11: =SUM(START:END!T11) -> 0 | U11: =SUM(START:END!U11) -> 0 | V11: =SUM(START:END!V11) -> 0 | W11: =SUM(START:END!W11) -> 0 | X11: =SUM(START:END!X11) -> 0 | Y11: =SUM(D11:X11) -> 2
C12: Rhonda Goddard | E12: =SUM(START:END!E12) -> 0 | F12: =SUM(START:END!F12) -> 0 | G12: =SUM(START:END!G12) -> 0 | H12: =SUM(START:END!H12) -> 0 | I12: =SUM(START:END!I12) -> 0 | J12: =SUM(START:END!J12) -> 1 | K12: =SUM(START:END!K12) -> 0 | L12: =SUM(START:END!L12) -> 0 | ... N12: =SUM(START:END!N12) -> 0 | O12: Rhonda Goddard | Q12: =SUM(START:END!Q12) -> 0 | R12: =SUM(START:END!R12) -> 0 | S12: =SUM(START:END!S12) -> 0 | T12: =SUM(START:END!T12) -> 0 | U12: =SUM(START:END!U12) -> 0 | V12: =SUM(START:END!V12) -> 0 | W12: =SUM(START:END!W12) -> 0 | X12: =SUM(START:END!X12) -> 0 | Y12: =SUM(D12:X12) -> 1
C13: Chris Smee | E13: =SUM(START:END!E13) -> 0 | F13: =SUM(START:END!F13) -> 0 | G13: =SUM(START:END!G13) -> 0 | H13: =SUM(START:END!H13) -> 0 | I13: =SUM(START:END!I13) -> 0 | J13: =SUM(START:END!J13) -> 1 | K13: =SUM(START:END!K13) -> 0 | L13: =SUM(START:END!L13) -> 1 | ... N13: =SUM(START:END!N13) -> 0 | O13: Chris Smee | Q13: =SUM(START:END!Q13) -> 0 | R13: =SUM(START:END!R13) -> 0 | S13: =SUM(START:END!S13) -> 0 | T13: =SUM(START:END!T13) -> 0 | U13: =SUM(START:END!U13) -> 0 | V13: =SUM(START:END!V13) -> 0 | W13: =SUM(START:END!W13) -> 0 | X13: =SUM(START:END!X13) -> 0 | Y13: =SUM(D13:X13) -> 2
C14: Dan Irby | E14: =SUM(START:END!E14) -> 2 | F14: =SUM(START:END!F14) -> 0 | G14: =SUM(START:END!G14) -> 0 | H14: =SUM(START:END!H14) -> 0 | I14: =SUM(START:END!I14) -> 0 | J14: =SUM(START:END!J14) -> 1 | K14: =SUM(START:END!K14) -> 3 | L14: =SUM(START:END!L14) -> 0 | ... N14: =SUM(START:END!N14) -> 1 | O14: Dan Irby | Q14: =SUM(START:END!Q14) -> 0 | R14: =SUM(START:END!R14) -> 0 | S14: =SUM(START:END!S14) -> 1 | T14: =SUM(START:END!T14) -> 0 | U14: =SUM(START:END!U14) -> 0 | V14: =SUM(START:END!V14) -> 0 | W14: =SUM(START:END!W14) -> 1 | X14: =SUM(START:END!X14) -> 0 | Y14: =SUM(D14:X14) -> 9
C15: Dan Worcester | E15: =SUM(START:END!E15) -> 0 | F15: =SUM(START:END!F15) -> 0 | G15: =SUM(START:END!G15) -> 0 | H15: =SUM(START:END!H15) -> 0 | I15: =SUM(START:END!I15) -> 0 | J15: =SUM(START:END!J15) -> 0 | K15: =SUM(START:END!K15) -> 1 | L15: =SUM(START:END!L15) -> 0 | ... N15: =SUM(START:END!N15) -> 0 | O15: Dan Worcester | Q15: =SUM(START:END!Q15) -> 0 | R15: =SUM(START:END!R15) -> 0 | S15: =SUM(START:END!S15) -> 0 | T15: =SUM(START:END!T15) -> 0 | U15: =SUM(START:END!U15) -> 0 | V15: =SUM(START:END!V15) -> 0 | W15: =SUM(START:END!W15) -> 0 | X15: =SUM(START:END!X15) -> 0 | Y15: =SUM(D15:X15) -> 1
C16: David Atkins | E16: =SUM(START:END!E16) -> 0 | F16: =SUM(START:END!F16) -> 0 | G16: =SUM(START:END!G16) -> 0 | H16: =SUM(START:END!H16) -> 0 | I16: =SUM(START:END!I16) -> 0 | J16: =SUM(START:END!J16) -> 0 | K16: =SUM(START:END!K16) -> 1 | L16: =SUM(START:END!L16) -> 0 | ... N16: =SUM(START:END!N16) -> 0 | O16: David Atkins | Q16: =SUM(START:END!Q16) -> 0 | R16: =SUM(START:END!R16) -> 0 | S16: =SUM(START:END!S16) -> 0 | T16: =SUM(START:END!T16) -> 0 | U16: =SUM(START:END!U16) -> 0 | V16: =SUM(START:END!V16) -> 0 | W16: =SUM(START:END!W16) -> 1 | X16: =SUM(START:END!X16) -> 0 | Y16: =SUM(D16:X16) -> 2
... C30: Bruce VanLoenen | E30: =SUM(START:END!E30) -> 0 | F30: =SUM(START:END!F30) -> 0 | G30: =SUM(START:END!G30) -> 0 | H30: =SUM(START:END!H30) -> 0 | I30: =SUM(START:END!I30) -> 0 | J30: =SUM(START:END!J30) -> 0 | K30: =SUM(START:END!K30) -> 2 | L30: =SUM(START:END!L30) -> 1 | ... N30: =SUM(START:END!N30) -> 0 | O30: Bruce VanLoenen | Q30: =SUM(START:END!Q30) -> 0 | R30: =SUM(START:END!R30) -> 0 | S30: =SUM(START:END!S30) -> 0 | T30: =SUM(START:END!T30) -> 0 | U30: =SUM(START:END!U30) -> 0 | V30: =SUM(START:END!V30) -> 0 | W30: =SUM(START:END!W30) -> 0 | X30: =SUM(START:END!X30) -> 0 | Y30: =SUM(D30:X30) -> 3
C31: Missy Atkins | E31: =SUM(START:END!E31) -> 0 | F31: =SUM(START:END!F31) -> 0 | G31: =SUM(START:END!G31) -> 0 | H31: =SUM(START:END!H31) -> 0 | I31: =SUM(START:END!I31) -> 0 | J31: =SUM(START:END!J31) -> 0 | K31: =SUM(START:END!K31) -> 0 | L31: =SUM(START:END!L31) -> 1 | ... N31: =SUM(START:END!N31) -> 0 | O31: Missy Atkins | Q31: =SUM(START:END!Q31) -> 0 | R31: =SUM(START:END!R31) -> 0 | S31: =SUM(START:END!S31) -> 0 | T31: =SUM(START:END!T31) -> 0 | U31: =SUM(START:END!U31) -> 0 | V31: =SUM(START:END!V31) -> 0 | W31: =SUM(START:END!W31) -> 0 | X31: =SUM(START:END!X31) -> 0 | Y31: =SUM(L31:X31) -> 1
C32: Mike Parks | E32: =SUM(START:END!E32) -> 0 | F32: =SUM(START:END!F32) -> 0 | G32: =SUM(START:END!G32) -> 0 | H32: =SUM(START:END!H32) -> 0 | I32: =SUM(START:END!I32) -> 0 | J32: =SUM(START:END!J32) -> 0 | K32: =SUM(START:END!K32) -> 0 | L32: =SUM(START:END!L32) -> 1 | ... N32: =SUM(START:END!N32) -> 0 | O32: Mike Parks | Q32: =SUM(START:END!Q32) -> 0 | R32: =SUM(START:END!R32) -> 0 | S32: =SUM(START:END!S32) -> 0 | T32: =SUM(START:END!T32) -> 0 | U32: =SUM(START:END!U32) -> 0 | V32: =SUM(START:END!V32) -> 0 | W32: =SUM(START:END!W32) -> 0 | X32: =SUM(START:END!X32) -> 0 | Y32: =SUM(L32:X32) -> 1
C33: Curt Hamel | E33: =SUM(START:END!E33) -> 0 | F33: =SUM(START:END!F33) -> 0 | G33: =SUM(START:END!G33) -> 0 | H33: =SUM(START:END!H33) -> 0 | I33: =SUM(START:END!I33) -> 0 | J33: =SUM(START:END!J33) -> 0 | K33: =SUM(START:END!K33) -> 0 | L33: =SUM(START:END!L33) -> 1 | ... N33: =SUM(START:END!N33) -> 0 | O33: Curt Hamel | Q33: =SUM(START:END!Q33) -> 0 | R33: =SUM(START:END!R33) -> 0 | S33: =SUM(START:END!S33) -> 0 | T33: =SUM(START:END!T33) -> 0 | U33: =SUM(START:END!U33) -> 0 | V33: =SUM(START:END!V33) -> 0 | W33: =SUM(START:END!W33) -> 0 | X33: =SUM(START:END!X33) -> 0 | Y33: =SUM(D33:X33) -> 1
C34: Dr. Handy | E34: =SUM(START:END!E34) -> 0 | F34: =SUM(START:END!F34) -> 0 | G34: =SUM(START:END!G34) -> 0 | H34: =SUM(START:END!H34) -> 0 | I34: =SUM(START:END!I34) -> 0 | J34: =SUM(START:END!J34) -> 0 | K34: =SUM(START:END!K34) -> 0 | L34: =SUM(START:END!L34) -> 1 | ... N34: =SUM(START:END!N34) -> 0 | O34: Dr. Handy | Q34: =SUM(START:END!Q34) -> 0 | R34: =SUM(START:END!R34) -> 0 | S34: =SUM(START:END!S34) -> 0 | T34: =SUM(START:END!T34) -> 0 | U34: =SUM(START:END!U34) -> 0 | V34: =SUM(START:END!V34) -> 0 | W34: =SUM(START:END!W34) -> 0 | X34: =SUM(START:END!X34) -> 0 | Y34: =SUM(D34:X34) -> 1
C35: Dennis Mersch | E35: =SUM(START:END!E35) -> 0 | F35: =SUM(START:END!F35) -> 0 | G35: =SUM(START:END!G35) -> 0 | H35: =SUM(START:END!H35) -> 0 | I35: =SUM(START:END!I35) -> 0 | J35: =SUM(START:END!J35) -> 0 | K35: =SUM(START:END!K35) -> 0 | L35: =SUM(START:END!L35) -> 1 | ... N35: =SUM(START:END!N35) -> 1 | O35: Dennis Mersch | Q35: =SUM(START:END!Q35) -> 0 | R35: =SUM(START:END!R35) -> 0 | S35: =SUM(START:END!S35) -> 0 | T35: =SUM(START:END!T35) -> 0 | U35: =SUM(START:END!U35) -> 0 | V35: =SUM(START:END!V35) -> 0 | W35: =SUM(START:END!W35) -> 0 | X35: =SUM(START:END!X35) -> 0 | Y35: =SUM(D35:X35) -> 2
C36: Debra Tremblay | E36: =SUM(START:END!E36) -> 0 | F36: =SUM(START:END!F36) -> 0 | G36: =SUM(START:END!G36) -> 0 | H36: =SUM(START:END!H36) -> 0 | I36: =SUM(START:END!I36) -> 0 | J36: =SUM(START:END!J36) -> 0 | K36: =SUM(START:END!K36) -> 0 | L36: =SUM(START:END!L36) -> 1 | ... N36: =SUM(START:END!N36) -> 0 | O36: Debra Tremblay | Q36: =SUM(START:END!Q36) -> 0 | R36: =SUM(START:END!R36) -> 0 | S36: =SUM(START:END!S36) -> 0 | T36: =SUM(START:END!T36) -> 0 | U36: =SUM(START:END!U36) -> 0 | V36: =SUM(START:END!V36) -> 0 | W36: =SUM(START:END!W36) -> 0 | X36: =SUM(START:END!X36) -> 0 | Y36: =SUM(D36:X36) -> 1
C37: Teri Cooper | E37: =SUM(START:END!E37) -> 0 | F37: =SUM(START:END!F37) -> 0 | G37: =SUM(START:END!G37) -> 0 | H37: =SUM(START:END!H37) -> 0 | I37: =SUM(START:END!I37) -> 0 | J37: =SUM(START:END!J37) -> 0 | K37: =SUM(START:END!K37) -> 0 | L37: =SUM(START:END!L37) -> 0 | ... N37: =SUM(START:END!N37) -> 0 | O37: Teri Cooper | Q37: =SUM(START:END!Q37) -> 0 | R37: =SUM(START:END!R37) -> 0 | S37: =SUM(START:END!S37) -> 0 | T37: =SUM(START:END!T37) -> 0 | U37: =SUM(START:END!U37) -> 0 | V37: =SUM(START:END!V37) -> 0 | W37: =SUM(START:END!W37) -> 0 | X37: =SUM(START:END!X37) -> 0 | Y37: =SUM(D37:X37) -> 1
C38: Brandy Born | E38: =SUM(START:END!E38) -> 0 | F38: =SUM(START:END!F38) -> 0 | G38: =SUM(START:END!G38) -> 0 | H38: =SUM(START:END!H38) -> 0 | I38: =SUM(START:END!I38) -> 0 | J38: =SUM(START:END!J38) -> 1 | K38: =SUM(START:END!K38) -> 0 | L38: =SUM(START:END!L38) -> 0 | ... N38: =SUM(START:END!N38) -> 2 | O38: Brandy Born | Q38: =SUM(START:END!Q38) -> 0 | R38: =SUM(START:END!R38) -> 0 | S38: =SUM(START:END!S38) -> 0 | T38: =SUM(START:END!T38) -> 0 | U38: =SUM(START:END!U38) -> 0 | V38: =SUM(START:END!V38) -> 0 | W38: =SUM(START:END!W38) -> 0 | X38: =SUM(START:END!X38) -> 0 | Y38: =SUM(D38:X38) -> 3
C39: Jessica Smith | E39: =SUM(START:END!E39) -> 0 | F39: =SUM(START:END!F39) -> 0 | G39: =SUM(START:END!G39) -> 0 | H39: =SUM(START:END!H39) -> 0 | I39: =SUM(START:END!I39) -> 0 | J39: =SUM(START:END!J39) -> 0 | K39: =SUM(START:END!K39) -> 0 | L39: =SUM(START:END!L39) -> 0 | ... N39: =SUM(START:END!N39) -> 0 | O39: Jessica Smith | Q39: =SUM(START:END!Q39) -> 1 | R39: =SUM(START:END!R39) -> 0 | S39: =SUM(START:END!S39) -> 0 | T39: =SUM(START:END!T39) -> 0 | U39: =SUM(START:END!U39) -> 0 | V39: =SUM(START:END!V39) -> 0 | W39: =SUM(START:END!W39) -> 0 | X39: =SUM(START:END!X39) -> 0 | Y39: =SUM(D39:X39) -> 1
C40: Shawn Brown | E40: =SUM(START:END!E40) -> 0 | F40: =SUM(START:END!F40) -> 0 | G40: =SUM(START:END!G40) -> 0 | H40: =SUM(START:END!H40) -> 0 | I40: =SUM(START:END!I40) -> 0 | J40: 0 | K40: =SUM(START:END!K40) -> 0 | L40: =SUM(START:END!L40) -> 0 | M40: =SUM(START:END!M40) -> 0 | N40: =SUM(START:END!N40) -> 0 | O40: Shawn Brown | Q40: =SUM(START:END!Q40) -> 1 | R40: =SUM(START:END!R40) -> 0 | S40: =SUM(START:END!S40) -> 0 | T40: =SUM(START:END!T40) -> 0 | U40: =SUM(START:END!U40) -> 0 | V40: =SUM(START:END!V40) -> 0 | W40: =SUM(START:END!W40) -> 0 | X40: =SUM(START:END!X40) -> 0 | Y40: =SUM(D40:X40) -> 1
B41: November 5th, 2024
B42: TOTALS
B43: NAME OF OFFICE | C43: NAME OF PERSON VOTED FOR | D43: PARTY | E43: ALLODIUM | F43: BRYANT | G43: GETTYSBURG | H43: GRAHAM | I43: HAPPPY | J43: HILL CITY #1 | K43: HILL CITY #2 | L43: HILL CITY #3 | M43: HILL CITY TWP #71 | N43: HILL CITY TWP #72 | O43: NAME OF PERSON VOTED FOR | P43: PARTY | Q43: HILL CITY TWP #73 | R43: INDIANA | S43: MILLBROOK | T43: MORLAN | U43: NICODEMUS | V43: PIONEER | W43: SOLOMON | X43: WILDHORSE | Y43: TOTAL
B44: HOSPITAL Board Pos. 4 | O44: HOSPITAL
C45: Barbara Stites | E45: =SUM(START:END!E45) -> 0 | F45: =SUM(START:END!F45) -> 0 | G45: =SUM(START:END!G45) -> 0 | H45: =SUM(START:END!H45) -> 0 | I45: =SUM(START:END!I45) -> 1 | J45: =SUM(START:END!J45) -> 0 | K45: =SUM(START:END!K45) -> 0 | L45: =SUM(START:END!L45) -> 0 | ... N45: =SUM(START:END!N45) -> 0 | O45: Barbara Stites | Q45: =SUM(START:END!Q45) -> 0 | R45: =SUM(START:END!R45) -> 0 | S45: =SUM(START:END!S45) -> 0 | T45: =SUM(START:END!T45) -> 0 | U45: =SUM(START:END!U45) -> 0 | V45: =SUM(START:END!V45) -> 0 | W45: =SUM(START:END!W45) -> 0 | X45: =SUM(START:END!X45) -> 0 | Y45: =SUM(E45:X45) -> 1
C46: Vera Garrison | E46: =SUM(START:END!E46) -> 0 | F46: =SUM(START:END!F46) -> 0 | G46: =SUM(START:END!G46) -> 0 | H46: =SUM(START:END!H46) -> 0 | I46: =SUM(START:END!I46) -> 0 | J46: =SUM(START:END!J46) -> 0 | K46: =SUM(START:END!K46) -> 0 | L46: =SUM(START:END!L46) -> 0 | ... N46: =SUM(START:END!N46) -> 0 | O46: Vera Garrison | Q46: =SUM(START:END!Q46) -> 1 | R46: =SUM(START:END!R46) -> 0 | S46: =SUM(START:END!S46) -> 0 | T46: =SUM(START:END!T46) -> 0 | U46: =SUM(START:END!U46) -> 0 | V46: =SUM(START:END!V46) -> 0 | W46: =SUM(START:END!W46) -> 0 | X46: =SUM(START:END!X46) -> 0 | Y46: =SUM(E46:X46) -> 1
C47: Jana Irby | E47: =SUM(START:END!E47) -> 0 | F47: =SUM(START:END!F47) -> 0 | G47: =SUM(START:END!G47) -> 0 | H47: =SUM(START:END!H47) -> 0 | I47: =SUM(START:END!I47) -> 0 | J47: =SUM(START:END!J47) -> 0 | K47: =SUM(START:END!K47) -> 0 | L47: =SUM(START:END!L47) -> 0 | ... N47: =SUM(START:END!N47) -> 0 | O47: Jana Irby | Q47: =SUM(START:END!Q47) -> 1 | R47: =SUM(START:END!R47) -> 0 | S47: =SUM(START:END!S47) -> 0 | T47: =SUM(START:END!T47) -> 0 | U47: =SUM(START:END!U47) -> 0 | V47: =SUM(START:END!V47) -> 0 | W47: =SUM(START:END!W47) -> 0 | X47: =SUM(START:END!X47) -> 0 | Y47: =SUM(E47:X47) -> 1
C48: Deb Hill | E48: =SUM(START:END!E48) -> 0 | F48: =SUM(START:END!F48) -> 0 | G48: =SUM(START:END!G48) -> 0 | H48: =SUM(START:END!H48) -> 0 | I48: =SUM(START:END!I48) -> 0 | J48: =SUM(START:END!J48) -> 0 | K48: =SUM(START:END!K48) -> 0 | L48: =SUM(START:END!L48) -> 0 | ... N48: =SUM(START:END!N48) -> 0 | O48: Deb Hill | Q48: =SUM(START:END!Q48) -> 0 | R48: =SUM(START:END!R48) -> 0 | S48: =SUM(START:END!S48) -> 1 | T48: =SUM(START:END!T48) -> 0 | U48: =SUM(START:END!U48) -> 0 | V48: =SUM(START:END!V48) -> 0 | W48: =SUM(START:END!W48) -> 0 | X48: =SUM(START:END!X48) -> 0 | Y48: =SUM(E48:X48) -> 1
C49: Renee Jackson | E49: =SUM(START:END!E49) -> 0 | F49: =SUM(START:END!F49) -> 0 | G49: =SUM(START:END!G49) -> 0 | H49: =SUM(START:END!H49) -> 0 | I49: =SUM(START:END!I49) -> 0 | J49: =SUM(START:END!J49) -> 0 | K49: =SUM(START:END!K49) -> 0 | L49: =SUM(START:END!L49) -> 0 | ... N49: =SUM(START:END!N49) -> 0 | O49: Renee Jackson | Q49: =SUM(START:END!Q49) -> 0 | R49: =SUM(START:END!R49) -> 0 | S49: =SUM(START:END!S49) -> 1 | T49: =SUM(START:END!T49) -> 0 | U49: =SUM(START:END!U49) -> 0 | V49: =SUM(START:END!V49) -> 0 | W49: =SUM(START:END!W49) -> 0 | X49: =SUM(START:END!X49) -> 0 | Y49: =SUM(E49:X49) -> 1
C50: Ryan Scott | E50: =SUM(START:END!E50) -> 0 | F50: =SUM(START:END!F50) -> 0 | G50: =SUM(START:END!G50) -> 0 | H50: =SUM(START:END!H50) -> 0 | I50: =SUM(START:END!I50) -> 0 | J50: =SUM(START:END!J50) -> 0 | K50: =SUM(START:END!K50) -> 0 | L50: =SUM(START:END!L50) -> 0 | ... N50: =SUM(START:END!N50) -> 0 | O50: Ryan Scott | Q50: =SUM(START:END!Q50) -> 0 | R50: =SUM(START:END!R50) -> 0 | S50: =SUM(START:END!S50) -> 1 | T50: =SUM(START:END!T50) -> 0 | U50: =SUM(START:END!U50) -> 0 | V50: =SUM(START:END!V50) -> 0 | W50: =SUM(START:END!W50) -> 0 | X50: =SUM(START:END!X50) -> 0 | Y50: =SUM(E50:X50) -> 1
C51: Sue Worcester | E51: =SUM(START:END!E51) -> 0 | F51: =SUM(START:END!F51) -> 0 | G51: =SUM(START:END!G51) -> 0 | H51: =SUM(START:END!H51) -> 0 | I51: =SUM(START:END!I51) -> 0 | J51: =SUM(START:END!J51) -> 0 | K51: =SUM(START:END!K51) -> 1 | L51: =SUM(START:END!L51) -> 1 | ... N51: =SUM(START:END!N51) -> 0 | O51: Sue Worcester | Q51: =SUM(START:END!Q51) -> 0 | R51: =SUM(START:END!R51) -> 0 | S51: =SUM(START:END!S51) -> 0 | T51: =SUM(START:END!T51) -> 0 | U51: =SUM(START:END!U51) -> 1 | V51: =SUM(START:END!V51) -> 0 | W51: =SUM(START:END!W51) -> 0 | X51: =SUM(START:END!X51) -> 1 | Y51: =SUM(U51:X51) -> 2
C52: Esther Clark | E52: =SUM(START:END!E52) -> 0 | F52: =SUM(START:END!F52) -> 0 | G52: =SUM(START:END!G52) -> 0 | H52: =SUM(START:END!H52) -> 0 | I52: =SUM(START:END!I52) -> 0 | J52: =SUM(START:END!J52) -> 0 | K52: =SUM(START:END!K52) -> 0 | L52: =SUM(START:END!L52) -> 0 | ... N52: =SUM(START:END!N52) -> 0 | O52: Esther Clark | Q52: =SUM(START:END!Q52) -> 0 | R52: =SUM(START:END!R52) -> 0 | S52: =SUM(START:END!S52) -> 0 | T52: =SUM(START:END!T52) -> 0 | U52: =SUM(START:END!U52) -> 1 | V52: =SUM(START:END!V52) -> 0 | W52: =SUM(START:END!W52) -> 0 | X52: =SUM(START:END!X52) -> 0 | Y52: =SUM(U52:X52) -> 1
C53: Tessa Tremblay | E53: =SUM(START:END!E53) -> 0 | F53: =SUM(START:END!F53) -> 0 | G53: =SUM(START:END!G53) -> 0 | H53: =SUM(START:END!H53) -> 0 | I53: =SUM(START:END!I53) -> 0 | J53: =SUM(START:END!J53) -> 0 | K53: =SUM(START:END!K53) -> 0 | L53: =SUM(START:END!L53) -> 0 | ... N53: =SUM(START:END!N53) -> 0 | O53: Tessa Tremblay | Q53: =SUM(START:END!Q53) -> 0 | R53: =SUM(START:END!R53) -> 0 | S53: =SUM(START:END!S53) -> 0 | T53: =SUM(START:END!T53) -> 0 | U53: =SUM(START:END!U53) -> 0 | V53: =SUM(START:END!V53) -> 0 | W53: =SUM(START:END!W53) -> 1 | X53: =SUM(START:END!X53) -> 0 | Y53: =SUM(E53:X53) -> 1
C54: Tawny Ashbaugh | E54: =SUM(START:END!E54) -> 0 | F54: =SUM(START:END!F54) -> 0 | G54: =SUM(START:END!G54) -> 0 | H54: =SUM(START:END!H54) -> 0 | I54: =SUM(START:END!I54) -> 0 | J54: =SUM(START:END!J54) -> 0 | K54: =SUM(START:END!K54) -> 0 | L54: =SUM(START:END!L54) -> 0 | ... N54: =SUM(START:END!N54) -> 0 | O54: Tawny Ashbaugh | Q54: =SUM(START:END!Q54) -> 0 | R54: =SUM(START:END!R54) -> 0 | S54: =SUM(START:END!S54) -> 0 | T54: =SUM(START:END!T54) -> 0 | U54: =SUM(START:END!U54) -> 0 | V54: =SUM(START:END!V54) -> 0 | W54: =SUM(START:END!W54) -> 1 | X54: =SUM(START:END!X54) -> 0 | Y54: =SUM(E54:X54) -> 1
C55: Roy Voss | E55: =SUM(START:END!E55) -> 0 | F55: =SUM(START:END!F55) -> 0 | G55: =SUM(START:END!G55) -> 0 | H55: =SUM(START:END!H55) -> 0 | I55: =SUM(START:END!I55) -> 0 | J55: =SUM(START:END!J55) -> 0 | K55: =SUM(START:END!K55) -> 0 | L55: =SUM(START:END!L55) -> 0 | ... N55: =SUM(START:END!N55) -> 0 | O55: Roy Voss | Q55: =SUM(START:END!Q55) -> 0 | R55: =SUM(START:END!R55) -> 0 | S55: =SUM(START:END!S55) -> 0 | T55: =SUM(START:END!T55) -> 0 | U55: =SUM(START:END!U55) -> 0 | V55: =SUM(START:END!V55) -> 0 | W55: =SUM(START:END!W55) -> 0 | X55: =SUM(START:END!X55) -> 1 | Y55: =SUM(E55:X55) -> 1
C56: Barb Grecian | E56: =SUM(START:END!E56) -> 0 | F56: =SUM(START:END!F56) -> 0 | G56: =SUM(START:END!G56) -> 0 | H56: =SUM(START:END!H56) -> 0 | I56: =SUM(START:END!I56) -> 0 | J56: =SUM(START:END!J56) -> 0 | K56: =SUM(START:END!K56) -> 0 | L56: =SUM(START:END!L56) -> 0 | ... N56: =SUM(START:END!N56) -> 0 | O56: Barb Grecian | Q56: =SUM(START:END!Q56) -> 0 | R56: =SUM(START:END!R56) -> 0 | S56: =SUM(START:END!S56) -> 0 | T56: =SUM(START:END!T56) -> 1 | U56: =SUM(START:END!U56) -> 0 | V56: =SUM(START:END!V56) -> 0 | W56: =SUM(START:END!W56) -> 0 | X56: =SUM(START:END!X56) -> 1 | Y56: =SUM(E56:X56) -> 2
C57: Kim Nutting | E57: =SUM(START:END!E57) -> 0 | F57: =SUM(START:END!F57) -> 0 | G57: =SUM(START:END!G57) -> 0 | H57: =SUM(START:END!H57) -> 0 | I57: =SUM(START:END!I57) -> 0 | J57: =SUM(START:END!J57) -> 0 | K57: =SUM(START:END!K57) -> 0 | L57: =SUM(START:END!L57) -> 0 | ... N57: =SUM(START:END!N57) -> 0 | O57: Kim Nutting | Q57: =SUM(START:END!Q57) -> 0 | R57: =SUM(START:END!R57) -> 0 | S57: =SUM(START:END!S57) -> 0 | T57: =SUM(START:END!T57) -> 0 | U57: =SUM(START:END!U57) -> 0 | V57: =SUM(START:END!V57) -> 0 | W57: =SUM(START:END!W57) -> 0 | X57: =SUM(START:END!X57) -> 3 | Y57: =SUM(E57:X57) -> 3
C58: Sue Rohleder | E58: =SUM(START:END!E58) -> 0 | F58: =SUM(START:END!F58) -> 1 | G58: =SUM(START:END!G58) -> 0 | H58: =SUM(START:END!H58) -> 0 | I58: =SUM(START:END!I58) -> 0 | J58: =SUM(START:END!J58) -> 0 | K58: =SUM(START:END!K58) -> 0 | L58: =SUM(START:END!L58) -> 0 | ... N58: =SUM(START:END!N58) -> 0 | O58: Sue Rohleder | Q58: =SUM(START:END!Q58) -> 0 | R58: =SUM(START:END!R58) -> 0 | S58: =SUM(START:END!S58) -> 0 | T58: =SUM(START:END!T58) -> 0 | U58: =SUM(START:END!U58) -> 0 | V58: =SUM(START:END!V58) -> 0 | W58: =SUM(START:END!W58) -> 0 | X58: =SUM(START:END!X58) -> 0 | Y58: =SUM(E58:X58) -> 1
C59: Dusti Bagley | E59: =SUM(START:END!E59) -> 0 | F59: =SUM(START:END!F59) -> 0 | G59: =SUM(START:END!G59) -> 0 | H59: =SUM(START:END!H59) -> 0 | I59: =SUM(START:END!I59) -> 0 | J59: =SUM(START:END!J59) -> 1 | K59: =SUM(START:END!K59) -> 1 | L59: =SUM(START:END!L59) -> 0 | ... N59: =SUM(START:END!N59) -> 0 | O59: Dusti Bagley | Q59: =SUM(START:END!Q59) -> 0 | R59: =SUM(START:END!R59) -> 0 | S59: =SUM(START:END!S59) -> 0 | T59: =SUM(START:END!T59) -> 0 | U59: =SUM(START:END!U59) -> 0 | V59: =SUM(START:END!V59) -> 0 | W59: =SUM(START:END!W59) -> 0 | X59: =SUM(START:END!X59) -> 0 | Y59: =SUM(E59:X59) -> 2
C60: Dale Deighton | E60: =SUM(START:END!E60) -> 0 | F60: =SUM(START:END!F60) -> 0 | G60: =SUM(START:END!G60) -> 0 | H60: =SUM(START:END!H60) -> 0 | I60: =SUM(START:END!I60) -> 0 | J60: =SUM(START:END!J60) -> 0 | K60: =SUM(START:END!K60) -> 1 | L60: =SUM(START:END!L60) -> 0 | ... N60: =SUM(START:END!N60) -> 0 | O60: Dale Deighton | Q60: =SUM(START:END!Q60) -> 0 | R60: =SUM(START:END!R60) -> 0 | S60: =SUM(START:END!S60) -> 0 | T60: =SUM(START:END!T60) -> 0 | U60: =SUM(START:END!U60) -> 0 | V60: =SUM(START:END!V60) -> 0 | W60: =SUM(START:END!W60) -> 0 | X60: =SUM(START:END!X60) -> 0 | Y60: =SUM(E60:X60) -> 1
C61: Melissa Atkins | E61: =SUM(START:END!E61) -> 0 | F61: =SUM(START:END!F61) -> 0 | G61: =SUM(START:END!G61) -> 0 | H61: =SUM(START:END!H61) -> 0 | I61: =SUM(START:END!I61) -> 0 | J61: =SUM(START:END!J61) -> 0 | K61: =SUM(START:END!K61) -> 1 | L61: =SUM(START:END!L61) -> 0 | ... N61: =SUM(START:END!N61) -> 0 | O61: Melissa Atkins | Q61: =SUM(START:END!Q61) -> 0 | R61: =SUM(START:END!R61) -> 0 | S61: =SUM(START:END!S61) -> 0 | T61: =SUM(START:END!T61) -> 0 | U61: =SUM(START:END!U61) -> 0 | V61: =SUM(START:END!V61) -> 0 | W61: =SUM(START:END!W61) -> 0 | X61: =SUM(START:END!X61) -> 0 | Y61: =SUM(E61:X61) -> 1
B62: November 5th, 2024
B63: TOTALS
B64: NAME OF OFFICE | C64: NAME OF PERSON VOTED FOR | D64: PARTY | E64: ALLODIUM | F64: BRYANT | G64: GETTYSBURG | H64: GRAHAM | I64: HAPPPY | J64: HILL CITY #1 | K64: HILL CITY #2 | L64: HILL CITY #3 | M64: HILL CITY TWP #71 | N64: HILL CITY TWP #72 | O64: NAME OF PERSON VOTED FOR | P64: PARTY | Q64: HILL CITY TWP #73 | R64: INDIANA | S64: MILLBROOK | T64: MORLAN | U64: NICODEMUS | V64: PIONEER | W64: SOLOMON | X64: WILDHORSE | Y64: TOTAL
B65: HOSPITAL Board Pos. 4 | O65: HOSPITAL
C66: Jolyn Mauck | E66: =SUM(START:END!E66) -> 0 | F66: =SUM(START:END!F66) -> 0 | G66: =SUM(START:END!G66) -> 0 | H66: =SUM(START:END!H66) -> 0 | I66: =SUM(START:END!I66) -> 0 | J66: =SUM(START:END!J66) -> 0 | K66: =SUM(START:END!K66) -> 1 | L66: =SUM(START:END!L66) -> 0 | ... N66: =SUM(START:END!N66) -> 0 | O66: Jolyn Mauck | Q66: =SUM(START:END!Q66) -> 0 | R66: =SUM(START:END!R66) -> 0 | S66: =SUM(START:END!S66) -> 0 | T66: =SUM(START:END!T66) -> 0 | U66: =SUM(START:END!U66) -> 0 | V66: =SUM(START:END!V66) -> 0 | W66: =SUM(START:END!W66) -> 0 | X66: =SUM(START:END!X66) -> 0 | Y66: =SUM(E66:X66) -> 1
C67: Billie Frakes | E67: =SUM(START:END!E67) -> 0 | F67: =SUM(START:END!F67) -> 0 | G67: =SUM(START:END!G67) -> 0 | H67: =SUM(START:END!H67) -> 0 | I67: =SUM(START:END!I67) -> 0 | J67: =SUM(START:END!J67) -> 0 | K67: =SUM(START:END!K67) -> 1 | L67: =SUM(START:END!L67) -> 0 | ... N67: =SUM(START:END!N67) -> 0 | O67: Billie Frakes | Q67: =SUM(START:END!Q67) -> 0 | R67: =SUM(START:END!R67) -> 0 | S67: =SUM(START:END!S67) -> 0 | T67: =SUM(START:END!T67) -> 0 | U67: =SUM(START:END!U67) -> 0 | V67: =SUM(START:END!V67) -> 0 | W67: =SUM(START:END!W67) -> 0 | X67: =SUM(START:END!X67) -> 0 | Y67: =SUM(E67:X67) -> 1
C68: Rodney Belleau | E68: =SUM(START:END!E68) -> 0 | F68: =SUM(START:END!F68) -> 0 | G68: =SUM(START:END!G68) -> 0 | H68: =SUM(START:END!H68) -> 0 | I68: =SUM(START:END!I68) -> 0 | J68: =SUM(START:END!J68) -> 0 | K68: =SUM(START:END!K68) -> 1 | L68: =SUM(START:END!L68) -> 0 | ... N68: =SUM(START:END!N68) -> 0 | O68: Rodney Belleau | Q68: =SUM(START:END!Q68) -> 0 | R68: =SUM(START:END!R68) -> 0 | S68: =SUM(START:END!S68) -> 0 | T68: =SUM(START:END!T68) -> 0 | U68: =SUM(START:END!U68) -> 0 | V68: =SUM(START:END!V68) -> 0 | W68: =SUM(START:END!W68) -> 0 | X68: =SUM(START:END!X68) -> 0 | Y68: =SUM(E68:X68) -> 1
C69: Thomas Rodriguez | E69: =SUM(START:END!E69) -> 0 | F69: =SUM(START:END!F69) -> 0 | G69: =SUM(START:END!G69) -> 0 | H69: =SUM(START:END!H69) -> 0 | I69: =SUM(START:END!I69) -> 0 | J69: =SUM(START:END!J69) -> 0 | K69: =SUM(START:END!K69) -> 1 | L69: =SUM(START:END!L69) -> 0 | ... N69: =SUM(START:END!N69) -> 0 | O69: Thomas Rodriguez | Q69: =SUM(START:END!Q69) -> 0 | R69: =SUM(START:END!R69) -> 0 | S69: =SUM(START:END!S69) -> 0 | T69: =SUM(START:END!T69) -> 0 | U69: =SUM(START:END!U69) -> 0 | V69: =SUM(START:END!V69) -> 0 | W69: =SUM(START:END!W69) -> 0 | X69: =SUM(START:END!X69) -> 0 | Y69: =SUM(E69:X69) -> 1
C70: Miranda Pimlott | E70: =SUM(START:END!E70) -> 0 | F70: =SUM(START:END!F70) -> 0 | G70: =SUM(START:END!G70) -> 0 | H70: =SUM(START:END!H70) -> 0 | I70: =SUM(START:END!I70) -> 0 | J70: =SUM(START:END!J70) -> 0 | K70: =SUM(START:END!K70) -> 1 | L70: =SUM(START:END!L70) -> 0 | ... N70: =SUM(START:END!N70) -> 0 | O70: Miranda Pimlott | Q70: =SUM(START:END!Q70) -> 0 | R70: =SUM(START:END!R70) -> 0 | S70: =SUM(START:END!S70) -> 0 | T70: =SUM(START:END!T70) -> 0 | U70: =SUM(START:END!U70) -> 0 | V70: =SUM(START:END!V70) -> 0 | W70: =SUM(START:END!W70) -> 0 | X70: =SUM(START:END!X70) -> 0 | Y70: =SUM(E70:X70) -> 1
C71: Vince Walker | E71: =SUM(START:END!E71) -> 0 | F71: =SUM(START:END!F71) -> 0 | G71: =SUM(START:END!G71) -> 0 | H71: =SUM(START:END!H71) -> 0 | I71: =SUM(START:END!I71) -> 0 | J71: =SUM(START:END!J71) -> 0 | K71: =SUM(START:END!K71) -> 1 | L71: =SUM(START:END!L71) -> 0 | ... N71: =SUM(START:END!N71) -> 0 | O71: Vince Walker | Q71: =SUM(START:END!Q71) -> 0 | R71: =SUM(START:END!R71) -> 0 | S71: =SUM(START:END!S71) -> 0 | T71: =SUM(START:END!T71) -> 0 | U71: =SUM(START:END!U71) -> 0 | V71: =SUM(START:END!V71) -> 0 | W71: =SUM(START:END!W71) -> 0 | X71: =SUM(START:END!X71) -> 0 | Y71: =SUM(E71:X71) -> 1
C72: Sara Keiswetter | E72: =SUM(START:END!E72) -> 0 | F72: =SUM(START:END!F72) -> 0 | G72: =SUM(START:END!G72) -> 0 | H72: =SUM(START:END!H72) -> 0 | I72: =SUM(START:END!I72) -> 0 | J72: =SUM(START:END!J72) -> 0 | K72: =SUM(START:END!K72) -> 1 | L72: =SUM(START:END!L72) -> 0 | ... N72: =SUM(START:END!N72) -> 0 | O72: Sara Keiswetter | Q72: =SUM(START:END!Q72) -> 0 | R72: =SUM(START:END!R72) -> 0 | S72: =SUM(START:END!S72) -> 0 | T72: =SUM(START:END!T72) -> 0 | U72: =SUM(START:END!U72) -> 0 | V72: =SUM(START:END!V72) -> 0 | W72: =SUM(START:END!W72) -> 0 | X72: =SUM(START:END!X72) -> 0 | Y72: =SUM(E72:X72) -> 1
C73: Jim Braford | E73: =SUM(START:END!E73) -> 0 | F73: =SUM(START:END!F73) -> 0 | G73: =SUM(START:END!G73) -> 0 | H73: =SUM(START:END!H73) -> 0 | I73: =SUM(START:END!I73) -> 0 | J73: =SUM(START:END!J73) -> 0 | K73: =SUM(START:END!K73) -> 1 | L73: =SUM(START:END!L73) -> 0 | ... N73: =SUM(START:END!N73) -> 0 | O73: Jim Braford | Q73: =SUM(START:END!Q73) -> 0 | R73: =SUM(START:END!R73) -> 0 | S73: =SUM(START:END!S73) -> 0 | T73: =SUM(START:END!T73) -> 0 | U73: =SUM(START:END!U73) -> 0 | V73: =SUM(START:END!V73) -> 0 | W73: =SUM(START:END!W73) -> 0 | X73: =SUM(START:END!X73) -> 0 | Y73: =SUM(E73:X73) -> 1
C74: Smee | E74: =SUM(START:END!E74) -> 0 | F74: =SUM(START:END!F74) -> 0 | G74: =SUM(START:END!G74) -> 0 | H74: =SUM(START:END!H74) -> 0 | I74: =SUM(START:END!I74) -> 0 | J74: =SUM(START:END!J74) -> 0 | K74: =SUM(START:END!K74) -> 2 | L74: =SUM(START:END!L74) -> 0 | ... N74: =SUM(START:END!N74) -> 0 | O74: Smee | Q74: =SUM(START:END!Q74) -> 0 | R74: =SUM(START:END!R74) -> 0 | S74: =SUM(START:END!S74) -> 0 | T74: =SUM(START:END!T74) -> 0 | U74: =SUM(START:END!U74) -> 0 | V74: =SUM(START:END!V74) -> 1 | W74: =SUM(START:END!W74) -> 0 | X74: =SUM(START:END!X74) -> 0 | Y74: =SUM(E74:X74) -> 3
C75: Fred Keener | E75: =SUM(START:END!E75) -> 0 | F75: =SUM(START:END!F75) -> 0 | G75: =SUM(START:END!G75) -> 0 | H75: =SUM(START:END!H75) -> 0 | I75: =SUM(START:END!I75) -> 0 | J75: =SUM(START:END!J75) -> 0 | K75: =SUM(START:END!K75) -> 0 | L75: =SUM(START:END!L75) -> 1 | ... N75: =SUM(START:END!N75) -> 0 | O75: Fred Keener | Q75: =SUM(START:END!Q75) -> 0 | R75: =SUM(START:END!R75) -> 0 | S75: =SUM(START:END!S75) -> 0 | T75: =SUM(START:END!T75) -> 0 | U75: =SUM(START:END!U75) -> 0 | V75: =SUM(START:END!V75) -> 0 | W75: =SUM(START:END!W75) -> 0 | X75: =SUM(START:END!X75) -> 0 | Y75: =SUM(E75:X75) -> 1
C76: Judy Goltl | E76: =SUM(START:END!E76) -> 0 | F76: =SUM(START:END!F76) -> 0 | G76: =SUM(START:END!G76) -> 0 | H76: =SUM(START:END!H76) -> 0 | I76: =SUM(START:END!I76) -> 0 | J76: =SUM(START:END!J76) -> 0 | K76: =SUM(START:END!K76) -> 0 | L76: =SUM(START:END!L76) -> 1 | ... N76: =SUM(START:END!N76) -> 0 | O76: Judy Goltl | Q76: =SUM(START:END!Q76) -> 0 | R76: =SUM(START:END!R76) -> 0 | S76: =SUM(START:END!S76) -> 0 | T76: =SUM(START:END!T76) -> 0 | U76: =SUM(START:END!U76) -> 0 | V76: =SUM(START:END!V76) -> 0 | W76: =SUM(START:END!W76) -> 0 | X76: =SUM(START:END!X76) -> 0 | Y76: =SUM(E76:X76) -> 1
C77: Daryl Stute | E77: =SUM(START:END!E77) -> 0 | F77: =SUM(START:END!F77) -> 0 | G77: =SUM(START:END!G77) -> 0 | H77: =SUM(START:END!H77) -> 0 | I77: =SUM(START:END!I77) -> 0 | J77: =SUM(START:END!J77) -> 0 | K77: =SUM(START:END!K77) -> 0 | L77: =SUM(START:END!L77) -> 1 | ... N77: =SUM(START:END!N77) -> 0 | O77: Daryl Stute | Q77: =SUM(START:END!Q77) -> 0 | R77: =SUM(START:END!R77) -> 0 | S77: =SUM(START:END!S77) -> 0 | T77: =SUM(START:END!T77) -> 0 | U77: =SUM(START:END!U77) -> 0 | V77: =SUM(START:END!V77) -> 0 | W77: =SUM(START:END!W77) -> 0 | X77: =SUM(START:END!X77) -> 0 | Y77: =SUM(E77:X77) -> 1
... C90: Kelsie Kenyon | E90: =SUM(START:END!E90) -> 0 | F90: =SUM(START:END!F90) -> 0 | G90: =SUM(START:END!G90) -> 0 | H90: =SUM(START:END!H90) -> 0 | I90: =SUM(START:END!I90) -> 0 | J90: =SUM(START:END!J90) -> 0 | K90: =SUM(START:END!K90) -> 0 | L90: =SUM(START:END!L90) -> 0 | ... N90: =SUM(START:END!N90) -> 0 | O90: Kelsie Kenyon | Q90: =SUM(START:END!Q90) -> 0 | R90: =SUM(START:END!R90) -> 0 | S90: =SUM(START:END!S90) -> 0 | T90: =SUM(START:END!T90) -> 0 | U90: =SUM(START:END!U90) -> 0 | V90: =SUM(START:END!V90) -> 0 | W90: =SUM(START:END!W90) -> 0 | X90: =SUM(START:END!X90) -> 1 | Y90: =SUM(E90:X90) -> 1
B92: CITY COUNCIL | O92: CITY COUNCIL
C93: Marcy Gansel | E93: =SUM(START:END!E93) -> 0 | F93: =SUM(START:END!F93) -> 0 | G93: =SUM(START:END!G93) -> 0 | H93: =SUM(START:END!H93) -> 0 | I93: =SUM(START:END!I93) -> 0 | J93: =SUM(START:END!J93) -> 0 | K93: =SUM(START:END!K93) -> 1 | L93: =SUM(START:END!L93) -> 0 | ... N93: =SUM(START:END!N93) -> 0 | O93: Marcy Gansel | Q93: =SUM(START:END!Q93) -> 0 | R93: =SUM(START:END!R93) -> 0 | S93: =SUM(START:END!S93) -> 0 | T93: =SUM(START:END!T93) -> 0 | U93: =SUM(START:END!U93) -> 0 | V93: =SUM(START:END!V93) -> 0 | W93: =SUM(START:END!W93) -> 0 | X93: =SUM(START:END!X93) -> 0 | Y93: =SUM(E93:X93) -> 1
C94: Christopher Mikkelson | E94: =SUM(START:END!E94) -> 0 | F94: =SUM(START:END!F94) -> 0 | G94: =SUM(START:END!G94) -> 0 | H94: =SUM(START:END!H94) -> 0 | I94: =SUM(START:END!I94) -> 0 | J94: =SUM(START:END!J94) -> 0 | K94: =SUM(START:END!K94) -> 1 | L94: =SUM(START:END!L94) -> 0 | ... N94: =SUM(START:END!N94) -> 0 | O94: Christopher Mikkelson | Q94: =SUM(START:END!Q94) -> 0 | R94: =SUM(START:END!R94) -> 0 | S94: =SUM(START:END!S94) -> 0 | T94: =SUM(START:END!T94) -> 0 | U94: =SUM(START:END!U94) -> 0 | V94: =SUM(START:END!V94) -> 0 | W94: =SUM(START:END!W94) -> 0 | X94: =SUM(START:END!X94) -> 0 | Y94: =SUM(E94:X94) -> 1
C95: Daniel Thyfault | E95: =SUM(START:END!E95) -> 0 | F95: =SUM(START:END!F95) -> 0 | G95: =SUM(START:END!G95) -> 0 | H95: =SUM(START:END!H95) -> 0 | I95: =SUM(START:END!I95) -> 0 | J95: =SUM(START:END!J95) -> 1 | K95: =SUM(START:END!K95) -> 1 | L95: =SUM(START:END!L95) -> 0 | ... N95: =SUM(START:END!N95) -> 0 | O95: Daniel Thyfault | Q95: =SUM(START:END!Q95) -> 0 | R95: =SUM(START:END!R95) -> 0 | S95: =SUM(START:END!S95) -> 0 | T95: =SUM(START:END!T95) -> 0 | U95: =SUM(START:END!U95) -> 0 | V95: =SUM(START:END!V95) -> 0 | W95: =SUM(START:END!W95) -> 0 | X95: =SUM(START:END!X95) -> 0 | Y95: =SUM(E95:X95) -> 2
C96: Chad Pittman | E96: =SUM(START:END!E96) -> 0 | F96: =SUM(START:END!F96) -> 0 | G96: =SUM(START:END!G96) -> 0 | H96: =SUM(START:END!H96) -> 0 | I96: =SUM(START:END!I96) -> 0 | J96: =SUM(START:END!J96) -> 0 | K96: =SUM(START:END!K96) -> 0 | L96: =SUM(START:END!L96) -> 1 | ... N96: =SUM(START:END!N96) -> 0 | O96: Chad Pittman | Q96: =SUM(START:END!Q96) -> 0 | R96: =SUM(START:END!R96) -> 0 | S96: =SUM(START:END!S96) -> 0 | T96: =SUM(START:END!T96) -> 0 | U96: =SUM(START:END!U96) -> 0 | V96: =SUM(START:END!V96) -> 0 | W96: =SUM(START:END!W96) -> 0 | X96: =SUM(START:END!X96) -> 0 | Y96: =SUM(E96:X96) -> 1
C97: Bill Miller | E97: =SUM(START:END!E97) -> 0 | F97: =SUM(START:END!F97) -> 0 | G97: =SUM(START:END!G97) -> 0 | H97: =SUM(START:END!H97) -> 0 | I97: =SUM(START:END!I97) -> 0 | J97: =SUM(START:END!J97) -> 1 | K97: =SUM(START:END!K97) -> 1 | L97: =SUM(START:END!L97) -> 0 | ... N97: =SUM(START:END!N97) -> 0 | O97: Bill Miller | Q97: =SUM(START:END!Q97) -> 0 | R97: =SUM(START:END!R97) -> 0 | S97: =SUM(START:END!S97) -> 0 | T97: =SUM(START:END!T97) -> 0 | U97: =SUM(START:END!U97) -> 0 | V97: =SUM(START:END!V97) -> 0 | W97: =SUM(START:END!W97) -> 0 | X97: =SUM(START:END!X97) -> 0 | Y97: =SUM(E97:X97) -> 2
C98: Smee | E98: =SUM(START:END!E98) -> 0 | F98: =SUM(START:END!F98) -> 0 | G98: =SUM(START:END!G98) -> 0 | H98: =SUM(START:END!H98) -> 0 | I98: =SUM(START:END!I98) -> 0 | J98: =SUM(START:END!J98) -> 0 | K98: =SUM(START:END!K98) -> 1 | L98: =SUM(START:END!L98) -> 0 | ... N98: =SUM(START:END!N98) -> 0 | O98: Smee | Q98: =SUM(START:END!Q98) -> 0 | R98: =SUM(START:END!R98) -> 0 | S98: =SUM(START:END!S98) -> 0 | T98: =SUM(START:END!T98) -> 0 | U98: =SUM(START:END!U98) -> 0 | V98: =SUM(START:END!V98) -> 0 | W98: =SUM(START:END!W98) -> 0 | X98: =SUM(START:END!X98) -> 0 | Y98: =SUM(E98:X98) -> 1
C99: Taylor Myers | E99: =SUM(START:END!E99) -> 0 | F99: =SUM(START:END!F99) -> 0 | G99: =SUM(START:END!G99) -> 0 | H99: =SUM(START:END!H99) -> 0 | I99: =SUM(START:END!I99) -> 0 | J99: =SUM(START:END!J99) -> 0 | K99: =SUM(START:END!K99) -> 0 | L99: =SUM(START:END!L99) -> 1 | ... N99: =SUM(START:END!N99) -> 0 | O99: Taylor Myers | Q99: =SUM(START:END!Q99) -> 0 | R99: =SUM(START:END!R99) -> 0 | S99: =SUM(START:END!S99) -> 0 | T99: =SUM(START:END!T99) -> 0 | U99: =SUM(START:END!U99) -> 0 | V99: =SUM(START:END!V99) -> 0 | W99: =SUM(START:END!W99) -> 0 | X99: =SUM(START:END!X99) -> 0 | Y99: =SUM(E99:X99) -> 1
C100: Brandon Born | E100: =SUM(START:END!E100) -> 0 | F100: =SUM(START:END!F100) -> 0 | G100: =SUM(START:END!G100) -> 0 | H100: =SUM(START:END!H100) -> 0 | I100: =SUM(START:END!I100) -> 0 | J100: =SUM(START:END!J100) -> 0 | K100: =SUM(START:END!K100) -> 0 | L100: =SUM(START:END!L100) -> 1 | ... N100: =SUM(START:END!N100) -> 0 | O100: Brandon Born | Q100: =SUM(START:END!Q100) -> 0 | R100: =SUM(START:END!R100) -> 0 | S100: =SUM(START:END!S100) -> 0 | T100: =SUM(START:END!T100) -> 0 | U100: =SUM(START:END!U100) -> 0 | V100: =SUM(START:END!V100) -> 0 | W100: =SUM(START:END!W100) -> 0 | X100: =SUM(START:END!X100) -> 0 | Y100: =SUM(E100:X100) -> 1
C101: Blake Born | E101: =SUM(START:END!E101) -> 0 | F101: =SUM(START:END!F101) -> 0 | G101: =SUM(START:END!G101) -> 0 | H101: =SUM(START:END!H101) -> 0 | I101: =SUM(START:END!I101) -> 0 | J101: =SUM(START:END!J101) -> 0 | K101: =SUM(START:END!K101) -> 0 | L101: =SUM(START:END!L101) -> 1 | ... N101: =SUM(START:END!N101) -> 0 | O101: Blake Born | Q101: =SUM(START:END!Q101) -> 0 | R101: =SUM(START:END!R101) -> 0 | S101: =SUM(START:END!S101) -> 0 | T101: =SUM(START:END!T101) -> 0 | U101: =SUM(START:END!U101) -> 0 | V101: =SUM(START:END!V101) -> 0 | W101: =SUM(START:END!W101) -> 0 | X101: =SUM(START:END!X101) -> 0 | Y101: =SUM(E101:X101) -> 1
C102: Brett Garrison | E102: =SUM(START:END!E102) -> 0 | F102: =SUM(START:END!F102) -> 0 | G102: =SUM(START:END!G102) -> 0 | H102: =SUM(START:END!H102) -> 0 | I102: =SUM(START:END!I102) -> 0 | J102: =SUM(START:END!J102) -> 0 | K102: =SUM(START:END!K102) -> 0 | L102: =SUM(START:END!L102) -> 1 | ... N102: =SUM(START:END!N102) -> 0 | O102: Brett Garrison | Q102: =SUM(START:END!Q102) -> 0 | R102: =SUM(START:END!R102) -> 0 | S102: =SUM(START:END!S102) -> 0 | T102: =SUM(START:END!T102) -> 0 | U102: =SUM(START:END!U102) -> 0 | V102: =SUM(START:END!V102) -> 0 | W102: =SUM(START:END!W102) -> 0 | X102: =SUM(START:END!X102) -> 0 | Y102: =SUM(E102:X102) -> 1
C103: Tawny Ashbaugh | E103: =SUM(START:END!E103) -> 0 | F103: =SUM(START:END!F103) -> 0 | G103: =SUM(START:END!G103) -> 0 | H103: =SUM(START:END!H103) -> 0 | I103: =SUM(START:END!I103) -> 0 | J103: =SUM(START:END!J103) -> 0 | K103: =SUM(START:END!K103) -> 1 | L103: =SUM(START:END!L103) -> 0 | ... N103: =SUM(START:END!N103) -> 0 | Q103: =SUM(START:END!Q103) -> 0 | R103: =SUM(START:END!R103) -> 0 | S103: =SUM(START:END!S103) -> 0 | T103: =SUM(START:END!T103) -> 0 | U103: =SUM(START:END!U103) -> 0 | V103: =SUM(START:END!V103) -> 0 | W103: =SUM(START:END!W103) -> 0 | X103: =SUM(START:END!X103) -> 0 | Y103: =SUM(E103:X103) -> 1
B104: November 5th, 2024
B105: TOTALS
B107: NAME OF OFFICE | C107: NAME OF PERSON VOTED FOR | D107: PARTY | E107: ALLODIUM | F107: BRYANT | G107: GETTYSBURG | H107: GRAHAM | I107: HAPPPY | J107: HILL CITY #1 | K107: HILL CITY #2 | L107: HILL CITY #3 | M107: HILL CITY TWP #71 | N107: HILL CITY TWP #72 | O107: NAME OF PERSON VOTED FOR | P107: PARTY | Q107: HILL CITY TWP #73 | R107: INDIANA | S107: MILLBROOK | T107: MORLAN | U107: NICODEMUS | V107: PIONEER | W107: SOLOMON | X107: WILDHORSE | Y107: TOTAL
B108: TOWNSHIP TRUSTEE | O108: TOWNSHIP TRUSTEE
B109: Allodium | O109: Allodium
C110: Stephanie David | E110: =SUM(START:END!E110) -> 1 | F110: =SUM(START:END!F110) -> 0 | G110: =SUM(START:END!G110) -> 0 | H110: =SUM(START:END!H110) -> 0 | I110: =SUM(START:END!I110) -> 0 | J110: =SUM(START:END!J110) -> 0 | K110: =SUM(START:END!K110) -> 0 | L110: =SUM(START:END!L110) -> 0 | ... N110: =SUM(START:END!N110) -> 0 | O110: Stephanie David | Q110: =SUM(START:END!Q110) -> 0 | R110: =SUM(START:END!R110) -> 0 | S110: =SUM(START:END!S110) -> 0 | T110: =SUM(START:END!T110) -> 0 | U110: =SUM(START:END!U110) -> 0 | V110: =SUM(START:END!V110) -> 0 | W110: =SUM(START:END!W110) -> 0 | X110: =SUM(START:END!X110) -> 0 | Y110: =SUM(E110:X110) -> 1
B112: Bryant | O112: Bryant
C113: Thomas Brown | E113: =SUM(START:END!E113) -> 0 | F113: =SUM(START:END!F113) -> 4 | G113: =SUM(START:END!G113) -> 0 | H113: =SUM(START:END!H113) -> 0 | I113: =SUM(START:END!I113) -> 0 | J113: =SUM(START:END!J113) -> 0 | K113: =SUM(START:END!K113) -> 0 | L113: =SUM(START:END!L113) -> 0 | ... N113: =SUM(START:END!N113) -> 0 | O113: Thomas Brown | Q113: =SUM(START:END!Q113) -> 0 | R113: =SUM(START:END!R113) -> 0 | S113: =SUM(START:END!S113) -> 0 | T113: =SUM(START:END!T113) -> 0 | U113: =SUM(START:END!U113) -> 0 | V113: =SUM(START:END!V113) -> 0 | W113: =SUM(START:END!W113) -> 0 | X113: =SUM(START:END!X113) -> 0 | Y113: =SUM(E113:X113) -> 4
B114: Graham | O114: Graham
C115: Cody Keiswetter | E115: =SUM(START:END!E115) -> 0 | F115: =SUM(START:END!F115) -> 0 | G115: =SUM(START:END!G115) -> 0 | H115: =SUM(START:END!H115) -> 1 | I115: =SUM(START:END!I115) -> 0 | J115: =SUM(START:END!J115) -> 0 | K115: =SUM(START:END!K115) -> 0 | L115: =SUM(START:END!L115) -> 0 | ... N115: =SUM(START:END!N115) -> 0 | O115: Cody Keiswetter | Q115: =SUM(START:END!Q115) -> 0 | R115: =SUM(START:END!R115) -> 0 | S115: =SUM(START:END!S115) -> 0 | T115: =SUM(START:END!T115) -> 0 | U115: =SUM(START:END!U115) -> 0 | V115: =SUM(START:END!V115) -> 0 | W115: =SUM(START:END!W115) -> 0 | X115: =SUM(START:END!X115) -> 0 | Y115: =SUM(E115:X115) -> 1
C116: Cody Roberts | E116: =SUM(START:END!E116) -> 0 | F116: =SUM(START:END!F116) -> 0 | G116: =SUM(START:END!G116) -> 0 | H116: =SUM(START:END!H116) -> 3 | I116: =SUM(START:END!I116) -> 0 | J116: =SUM(START:END!J116) -> 0 | K116: =SUM(START:END!K116) -> 0 | L116: =SUM(START:END!L116) -> 0 | ... N116: =SUM(START:END!N116) -> 0 | O116: Cody Roberts | Q116: =SUM(START:END!Q116) -> 0 | R116: =SUM(START:END!R116) -> 0 | S116: =SUM(START:END!S116) -> 0 | T116: =SUM(START:END!T116) -> 0 | U116: =SUM(START:END!U116) -> 0 | V116: =SUM(START:END!V116) -> 0 | W116: =SUM(START:END!W116) -> 0 | X116: =SUM(START:END!X116) -> 0 | Y116: =SUM(E116:X116) -> 3
C117: Bruce Billips | E117: =SUM(START:END!E117) -> 0 | F117: =SUM(START:END!F117) -> 0 | G117: =SUM(START:END!G117) -> 0 | H117: =SUM(START:END!H117) -> 8 | I117: =SUM(START:END!I117) -> 0 | J117: =SUM(START:END!J117) -> 0 | K117: =SUM(START:END!K117) -> 0 | L117: =SUM(START:END!L117) -> 0 | ... N117: =SUM(START:END!N117) -> 0 | O117: Bruce Billips | Q117: =SUM(START:END!Q117) -> 0 | R117: =SUM(START:END!R117) -> 0 | S117: =SUM(START:END!S117) -> 0 | T117: =SUM(START:END!T117) -> 0 | U117: =SUM(START:END!U117) -> 0 | V117: =SUM(START:END!V117) -> 0 | W117: =SUM(START:END!W117) -> 0 | X117: =SUM(START:END!X117) -> 0 | Y117: =SUM(E117:X117) -> 8
B118: Indiana | O118: Indiana
C119: Tiffany Breinig | E119: =SUM(START:END!E119) -> 0 | F119: =SUM(START:END!F119) -> 0 | G119: =SUM(START:END!G119) -> 0 | H119: =SUM(START:END!H119) -> 0 | I119: =SUM(START:END!I119) -> 0 | J119: =SUM(START:END!J119) -> 0 | K119: =SUM(START:END!K119) -> 0 | L119: =SUM(START:END!L119) -> 0 | ... N119: =SUM(START:END!N119) -> 0 | Q119: =SUM(START:END!Q119) -> 0 | R119: =SUM(START:END!R119) -> 1 | S119: =SUM(START:END!S119) -> 0 | T119: =SUM(START:END!T119) -> 0 | U119: =SUM(START:END!U119) -> 0 | V119: =SUM(START:END!V119) -> 0 | W119: =SUM(START:END!W119) -> 0 | X119: =SUM(START:END!X119) -> 0 | Y119: =SUM(E119:X119) -> 1
B120: Nicodemus | O120: Nicodemus
C121: Mike Davignon | E121: =SUM(START:END!E121) -> 0 | F121: =SUM(START:END!F121) -> 0 | G121: =SUM(START:END!G121) -> 0 | H121: =SUM(START:END!H121) -> 0 | I121: =SUM(START:END!I121) -> 0 | J121: =SUM(START:END!J121) -> 0 | K121: =SUM(START:END!K121) -> 0 | L121: =SUM(START:END!L121) -> 0 | ... N121: =SUM(START:END!N121) -> 0 | O121: Mike Davignon | Q121: =SUM(START:END!Q121) -> 0 | R121: =SUM(START:END!R121) -> 0 | S121: =SUM(START:END!S121) -> 0 | T121: =SUM(START:END!T121) -> 0 | U121: =SUM(START:END!U121) -> 2 | V121: =SUM(START:END!V121) -> 0 | W121: =SUM(START:END!W121) -> 0 | X121: =SUM(START:END!X121) -> 0 | Y121: =SUM(E121:X121) -> 2
C122: Johnella Holmes Reese | E122: =SUM(START:END!E122) -> 0 | F122: =SUM(START:END!F122) -> 0 | G122: =SUM(START:END!G122) -> 0 | H122: =SUM(START:END!H122) -> 0 | I122: =SUM(START:END!I122) -> 0 | J122: =SUM(START:END!J122) -> 0 | K122: =SUM(START:END!K122) -> 0 | L122: =SUM(START:END!L122) -> 0 | ... N122: =SUM(START:END!N122) -> 0 | O122: Johnella Holmes Reese | Q122: =SUM(START:END!Q122) -> 0 | R122: =SUM(START:END!R122) -> 0 | S122: =SUM(START:END!S122) -> 0 | T122: =SUM(START:END!T122) -> 0 | U122: =SUM(START:END!U122) -> 1 | V122: =SUM(START:END!V122) -> 0 | W122: =SUM(START:END!W122) -> 0 | X122: =SUM(START:END!X122) -> 0 | Y122: =SUM(E122:X122) -> 1
C123: Wallace Clark | E123: =SUM(START:END!E123) -> 0 | F123: =SUM(START:END!F123) -> 0 | G123: =SUM(START:END!G123) -> 0 | H123: =SUM(START:END!H123) -> 0 | I123: =SUM(START:END!I123) -> 0 | J123: =SUM(START:END!J123) -> 0 | K123: =SUM(START:END!K123) -> 0 | L123: =SUM(START:END!L123) -> 0 | ... N123: =SUM(START:END!N123) -> 0 | O123: Wallace Clark | Q123: =SUM(START:END!Q123) -> 0 | R123: =SUM(START:END!R123) -> 0 | S123: =SUM(START:END!S123) -> 0 | T123: =SUM(START:END!T123) -> 0 | U123: =SUM(START:END!U123) -> 10 | V123: =SUM(START:END!V123) -> 0 | W123: =SUM(START:END!W123) -> 0 | X123: =SUM(START:END!X123) -> 0 | Y123: =SUM(E123:X123) -> 10
B124: Pioneer | O124: Pioneer
C125: Michelle Billips | E125: =SUM(START:END!E125) -> 0 | F125: =SUM(START:END!F125) -> 0 | G125: =SUM(START:END!G125) -> 0 | H125: =SUM(START:END!H125) -> 0 | I125: =SUM(START:END!I125) -> 0 | J125: =SUM(START:END!J125) -> 0 | K125: =SUM(START:END!K125) -> 0 | L125: =SUM(START:END!L125) -> 0 | ... N125: =SUM(START:END!N125) -> 0 | O125: Michelle Billips | Q125: =SUM(START:END!Q125) -> 0 | R125: =SUM(START:END!R125) -> 0 | S125: =SUM(START:END!S125) -> 0 | T125: =SUM(START:END!T125) -> 0 | U125: =SUM(START:END!U125) -> 0 | V125: =SUM(START:END!V125) -> 1 | W125: =SUM(START:END!W125) -> 0 | X125: =SUM(START:END!X125) -> 0 | Y125: =SUM(E125:X125) -> 1
C126: Bobbie Holsman | E126: =SUM(START:END!E126) -> 0 | F126: =SUM(START:END!F126) -> 0 | G126: =SUM(START:END!G126) -> 0 | H126: =SUM(START:END!H126) -> 0 | I126: =SUM(START:END!I126) -> 0 | J126: =SUM(START:END!J126) -> 0 | K126: =SUM(START:END!K126) -> 0 | L126: =SUM(START:END!L126) -> 0 | ... N126: =SUM(START:END!N126) -> 0 | O126: Bobbie Holsman | Q126: =SUM(START:END!Q126) -> 0 | R126: =SUM(START:END!R126) -> 0 | S126: =SUM(START:END!S126) -> 0 | T126: =SUM(START:END!T126) -> 0 | U126: =SUM(START:END!U126) -> 0 | V126: =SUM(START:END!V126) -> 1 | W126: =SUM(START:END!W126) -> 0 | X126: =SUM(START:END!X126) -> 0 | Y126: =SUM(E126:X126) -> 1
C127: Janet Billips | E127: =SUM(START:END!E127) -> 0 | F127: =SUM(START:END!F127) -> 0 | G127: =SUM(START:END!G127) -> 0 | H127: =SUM(START:END!H127) -> 0 | I127: =SUM(START:END!I127) -> 0 | J127: =SUM(START:END!J127) -> 0 | K127: =SUM(START:END!K127) -> 0 | L127: =SUM(START:END!L127) -> 0 | ... N127: =SUM(START:END!N127) -> 0 | O127: Janet Billips | Q127: =SUM(START:END!Q127) -> 0 | R127: =SUM(START:END!R127) -> 0 | S127: =SUM(START:END!S127) -> 0 | T127: =SUM(START:END!T127) -> 0 | U127: =SUM(START:END!U127) -> 0 | V127: =SUM(START:END!V127) -> 3 | W127: =SUM(START:END!W127) -> 0 | X127: =SUM(START:END!X127) -> 0 | Y127: =SUM(E127:X127) -> 3
B128: Wildhorse | O128: Wildhorse
...

Sheet Abstract
B1: Abstract of Votes Cast at the Primary Election in | N1: Abstract of Votes Cast at the General Election in
B2: Graham County Kansas, on the 5th day of November, 2024 | N2: Graham County Kansas, on the 5th day of November, 2024
B3: Number of Voters Voting | C3: 1317
B4: Registered Voters | C4: 1808
B5: Turnout | C5: 0.73
B6: NAME OF OFFICE | C6: NAME OF PERSON VOTED FOR | D6: ALLODIUM | E6: BRYANT | F6: GETTYSBURG | G6: GRAHAM | H6: HAPPPY | I6: HILL CITY #1 | J6: HILL CITY #2 | K6: HILL CITY #3 | L6: HILL CITY TWP #71 | M6: HILL CITY TWP #72 | N6: NAME OF PERSON VOTED FOR | O6: HILL CITY TWP #73 | P6: INDIANA | Q6: MILLBROOK | R6: MORLAN | S6: NICODEMUS | T6: PIONEER | U6: SOLOMON | V6: WILDHORSE | W6: TOTAL | X6: PROVISIONAL | Y6: TOTAL
B7: HOSPITAL Board Pos. 4 | N7: HOSPITAL
C8: Michelle Smee | D8: =SUM(START:END!E5) -> 2 | F8: =SUM(START:END!G5) -> 5 | G8: =SUM(START:END!H5) -> 4 | H8: =SUM(START:END!I5) -> 2 | I8: =SUM(START:END!J5) -> 9 | J8: =SUM(START:END!K5) -> 58 | K8: =SUM(START:END!L5) -> 7 | M8: =SUM(START:END!N5) -> 7 | N8: Michelle Smee | O8: =SUM(START:END!Q5) -> 4 | P8: =SUM(START:END!R5) -> 1 | Q8: =SUM(START:END!S5) -> 5 | R8: =SUM(START:END!T5) -> 3 | S8: =SUM(START:END!U5) -> 1 | T8: =SUM(START:END!V5) -> 7 | U8: =SUM(START:END!W5) -> 3 | V8: =SUM(START:END!X5) -> 10 | W8: =SUM(D8:V8) -> 128 | X8: 1 | Y8: =SUM(W8:X8) -> 129
C9: Nikki Presley | D9: =SUM(START:END!E6) -> 1 | M9: =SUM(START:END!N6) -> 0 | N9: Nikki Presley | W9: =SUM(D9:V9) -> 1 | Y9: =SUM(W9:X9) -> 1
C10: T. Treas | E10: =SUM(START:END!F7) -> 1 | M10: =SUM(START:END!N7) -> 0 | N10: T. Treas | W10: =SUM(D10:V10) -> 1 | Y10: =SUM(W10:X10) -> 1
C11: Mark Fergeson | E11: =SUM(START:END!F8) -> 2 | M11: =SUM(START:END!N8) -> 0 | N11: Mark Fergeson | W11: =SUM(D11:V11) -> 2 | Y11: =SUM(W11:X11) -> 2
C12: Cody Keiswetter | G12: =SUM(START:END!H9) -> 1 | M12: =SUM(START:END!N9) -> 0 | N12: Cody Keiswetter | W12: =SUM(D12:V12) -> 1 | Y12: =SUM(W12:X12) -> 1
C13: Connie Gish | H13: =SUM(START:END!I10) -> 1 | K13: =SUM(START:END!L10) -> 1 | M13: =SUM(START:END!N10) -> 0 | N13: Connie Gish | Q13: =SUM(START:END!S10) -> 1 | W13: =SUM(D13:V13) -> 3 | Y13: =SUM(W13:X13) -> 3
C14: Michelle Billips | I14: =SUM(START:END!J11) -> 1 | K14: =SUM(START:END!L11) -> 1 | M14: =SUM(START:END!N11) -> 0 | N14: Michelle Billips | W14: =SUM(D14:V14) -> 2 | Y14: =SUM(W14:X14) -> 2
C15: Rhonda Goddard | I15: =SUM(START:END!J12) -> 1 | M15: =SUM(START:END!N12) -> 0 | N15: Rhonda Goddard | W15: =SUM(D15:V15) -> 1 | Y15: =SUM(W15:X15) -> 1
C16: Chris Smee | I16: =SUM(START:END!J13) -> 1 | K16: =SUM(START:END!L13) -> 1 | M16: =SUM(START:END!N13) -> 0 | N16: Chris Smee | W16: =SUM(D16:V16) -> 2 | Y16: =SUM(W16:X16) -> 2
C17: Dan Irby | I17: =SUM(START:END!J14) -> 1 | J17: =SUM(START:END!K14) -> 3 | M17: =SUM(START:END!N14) -> 1 | N17: Dan Irby | Q17: =SUM(START:END!S14) -> 1 | U17: =SUM(START:END!W14) -> 1 | W17: =SUM(D17:V17) -> 7 | Y17: =SUM(W17:X17) -> 7
C18: Dan Worcester | J18: =SUM(START:END!K15) -> 1 | M18: =SUM(START:END!N15) -> 0 | N18: Dan Worcester | W18: =SUM(D18:V18) -> 1 | Y18: =SUM(W18:X18) -> 1
C19: David Atkins | J19: =SUM(START:END!K16) -> 1 | M19: =SUM(START:END!N16) -> 0 | N19: David Atkins | U19: =SUM(START:END!W16) -> 1 | W19: =SUM(D19:V19) -> 2 | Y19: =SUM(W19:X19) -> 2
C20: Marcy Gansel | J20: =SUM(START:END!K17) -> 1 | M20: =SUM(START:END!N17) -> 0 | N20: Marcy Gansel | W20: =SUM(D20:V20) -> 1 | Y20: =SUM(W20:X20) -> 1
C21: Cindy Underhill | J21: =SUM(START:END!K18) -> 1 | K21: =SUM(START:END!L18) -> 1 | L21: =SUM(START:END!M18) -> 1 | M21: =SUM(START:END!N18) -> 1 | N21: Cindy Underhill | W21: =SUM(D21:V21) -> 4 | Y21: =SUM(W21:X21) -> 4
C22: Kay Money | J22: =SUM(START:END!K19) -> 1 | M22: =SUM(START:END!N19) -> 0 | N22: Kay Money | V22: =SUM(START:END!X19) -> 1 | W22: =SUM(D22:V22) -> 2 | Y22: =SUM(W22:X22) -> 2
C23: Kimberly Kinderknecht | J23: =SUM(START:END!K20) -> 1 | M23: =SUM(START:END!N20) -> 0 | N23: Kimberly Kinderknecht | W23: =SUM(D23:V23) -> 1 | Y23: =SUM(W23:X23) -> 1
C24: Ethan Edwards | J24: =SUM(START:END!K21) -> 1 | M24: =SUM(START:END!N21) -> 0 | N24: Ethan Edwards | W24: =SUM(D24:V24) -> 1 | Y24: =SUM(W24:X24) -> 1
C25: Ron Radcliffe | J25: =SUM(START:END!K22) -> 1 | M25: =SUM(START:END!N22) -> 0 | N25: Ron Radcliffe | W25: =SUM(D25:V25) -> 1 | Y25: =SUM(W25:X25) -> 1
C26: Joyce Reese | J26: =SUM(START:END!K23) -> 1 | M26: =SUM(START:END!N23) -> 0 | N26: Joyce Reese | W26: =SUM(D26:V26) -> 1 | Y26: =SUM(W26:X26) -> 1
C27: Lance Post | J27: =SUM(START:END!K24) -> 1 | K27: =SUM(START:END!L24) -> 3 | M27: =SUM(START:END!N24) -> 1 | N27: Lance Post | W27: =SUM(D27:V27) -> 5 | Y27: =SUM(W27:X27) -> 5
C28: Saundra Nickelson | J28: =SUM(START:END!K25) -> 1 | M28: =SUM(START:END!N25) -> 0 | N28: Saundra Nickelson | W28: =SUM(D28:V28) -> 1 | Y28: =SUM(W28:X28) -> 1
C29: Reggie Jordan | J29: =SUM(START:END!K26) -> 1 | M29: =SUM(START:END!N26) -> 0 | N29: Reggie Jordan | W29: =SUM(D29:V29) -> 1 | Y29: =SUM(W29:X29) -> 1
O30: STATE OF KANSAS,
O31: Graham County, ss.
P32: We, the undersigned, members of the County Board of Canvassers for said County, do hereby
O33: certify that the foregoing abstract of votes cast at the General election held in Graham County on the 5th day of November A.D. 2024, is
O34: true and correct as shown by the returns of said election on file in the office of the County Election officer and canvassed by us
O35: this 15th day of November A.D. 2024.
O36: Witness our hands, this 15th day of November A.D. 2024.
O37: Attest: | S37: _____________________________
O38: _____________________________ | S38: _____________________________
O39: County Election Officer. | S39: _____________________________
T40: County Board of Canvassers.
B41: Abstract of Votes Cast at the Primary Election in | N41: Abstract of Votes Cast at the General Election in
B42: Graham County Kansas, on the 5th day of November, 2024 | N42: Graham County Kansas, on the 5th day of November, 2024
B43: Number of Voters Voting | C43: 1317
B44: Registered Voters | C44: 1808
B45: Turnout | C45: 0.73
B46: NAME OF OFFICE | C46: NAME OF PERSON VOTED FOR | D46: ALLODIUM | E46: BRYANT | F46: GETTYSBURG | G46: GRAHAM | H46: HAPPPY | I46: HILL CITY #1 | J46: HILL CITY #2 | K46: HILL CITY #3 | L46: HILL CITY TWP #71 | M46: HILL CITY TWP #72 | N46: NAME OF PERSON VOTED FOR | O46: HILL CITY TWP #73 | P46: INDIANA | Q46: MILLBROOK | R46: MORLAN | S46: NICODEMUS | T46: PIONEER | U46: SOLOMON | V46: WILDHORSE | W46: TOTAL | X46: PROVISIONAL | Y46: TOTAL
B47: HOSPITAL Board Pos. 4 | N47: HOSPITAL
C48: Cole Keiswetter | J48: =SUM(START:END!K27) -> 1 | M48: =SUM(START:END!N27) -> 0 | N48: Cole Keiswetter | W48: =SUM(D48:V48) -> 1 | Y48: =SUM(W48:X48) -> 1
C49: Joy Robison | J49: =SUM(START:END!K28) -> 1 | M49: =SUM(START:END!N28) -> 0 | N49: Joy Robison | W49: =SUM(D49:V49) -> 1 | Y49: =SUM(W49:X49) -> 1
C50: Dannis Robison | J50: =SUM(START:END!K29) -> 1 | M50: =SUM(START:END!N29) -> 0 | N50: Dannis Robison | W50: =SUM(D50:V50) -> 1 | Y50: =SUM(W50:X50) -> 1
C51: Bruce VanLoenen | J51: =SUM(START:END!K30) -> 2 | K51: =SUM(START:END!L30) -> 1 | M51: =SUM(START:END!N30) -> 0 | N51: Bruce VanLoenen | W51: =SUM(D51:V51) -> 3 | Y51: =SUM(W51:X51) -> 3
C52: Missy Atkins | K52: =SUM(START:END!L31) -> 1 | M52: =SUM(START:END!N31) -> 0 | N52: Missy Atkins | W52: =SUM(K52:V52) -> 1 | Y52: =SUM(W52:X52) -> 1
C53: Mike Parks | K53: =SUM(START:END!L32) -> 1 | M53: =SUM(START:END!N32) -> 0 | N53: Mike Parks | W53: =SUM(K53:V53) -> 1 | Y53: =SUM(W53:X53) -> 1
C54: Curt Hamel | K54: =SUM(START:END!L33) -> 1 | M54: =SUM(START:END!N33) -> 0 | N54: Curt Hamel | W54: =SUM(D54:V54) -> 1 | Y54: =SUM(W54:X54) -> 1
C55: Dr. Handy | K55: =SUM(START:END!L34) -> 1 | M55: =SUM(START:END!N34) -> 0 | N55: Dr. Handy | W55: =SUM(D55:V55) -> 1 | Y55: =SUM(W55:X55) -> 1
C56: Dennis Mersch | K56: =SUM(START:END!L35) -> 1 | M56: =SUM(START:END!N35) -> 1 | N56: Dennis Mersch | W56: =SUM(D56:V56) -> 2 | Y56: =SUM(W56:X56) -> 2
C57: Debra Tremblay | K57: =SUM(START:END!L36) -> 1 | M57: =SUM(START:END!N36) -> 0 | N57: Debra Tremblay | W57: =SUM(D57:V57) -> 1 | Y57: =SUM(W57:X57) -> 1
C58: Teri Cooper | L58: =SUM(START:END!M37) -> 1 | M58: =SUM(START:END!N37) -> 0 | N58: Teri Cooper | W58: =SUM(D58:V58) -> 1 | Y58: =SUM(W58:X58) -> 1
C59: Brandy Born | I59: =SUM(START:END!J38) -> 1 | M59: =SUM(START:END!N38) -> 2 | N59: Brandy Born | W59: =SUM(D59:V59) -> 3 | X59: 1 | Y59: =SUM(W59:X59) -> 4
C60: Jessica Smith | M60: =SUM(START:END!N39) -> 0 | N60: Jessica Smith | O60: =SUM(START:END!Q39) -> 1 | W60: =SUM(D60:V60) -> 1 | Y60: =SUM(W60:X60) -> 1
C61: Shawn Brown | M61: =SUM(START:END!N40) -> 0 | N61: Shawn Brown | O61: =SUM(START:END!Q40) -> 1 | W61: =SUM(D61:V61) -> 1 | Y61: =SUM(W61:X61) -> 1
N62: STATE OF KANSAS,
N63: Graham County, ss.
N65: certify that the foregoing abstract of votes cast at the General election held in Graham County on the 5th day of November A.D. 2024, is
N66: true and correct as shown by the returns of said election on file in the office of the County Election officer and canvassed by us
N67: this 15th day of November A.D. 2024.
N68: Witness our hands, this 15th day of November A.D. 2024.
N69: Attest: | Q69: _____________________________
N70: _____________________________ | Q70: _____________________________
N71: County Election Officer. | Q71: _____________________________
R72: County Board of Canvassers.
B73: Abstract of Votes Cast at the Primary Election in | N73: Abstract of Votes Cast at the General Election in
B74: Graham County Kansas, on the 5th day of November, 2024 | N74: Graham County Kansas, on the 5th day of November, 2024
B75: Number of Voters Voting | C75: 1317
B76: Registered Voters | C76: 1808
B77: Turnout | C77: 0.73
B78: NAME OF OFFICE | C78: NAME OF PERSON VOTED FOR | D78: ALLODIUM | E78: BRYANT | F78: GETTYSBURG | G78: GRAHAM | H78: HAPPPY | I78: HILL CITY #1 | J78: HILL CITY #2 | K78: HILL CITY #3 | L78: HILL CITY TWP #71 | M78: HILL CITY TWP #72 | N78: NAME OF PERSON VOTED FOR | O78: HILL CITY TWP #73 | P78: INDIANA | Q78: MILLBROOK | R78: MORLAN | S78: NICODEMUS | T78: PIONEER | U78: SOLOMON | V78: WILDHORSE | W78: TOTAL | X78: PROVISIONAL | Y78: TOTAL
B79: HOSPITAL Board Pos. 4 | N79: HOSPITAL
C80: Barbara Stites | H80: =SUM(START:END!I45) -> 1 | N80: Barbara Stites | W80: =SUM(D80:V80) -> 1 | Y80: =SUM(W80:X80) -> 1
C81: Vera Garrison | N81: Vera Garrison | O81: =SUM(START:END!Q46) -> 1 | W81: =SUM(D81:V81) -> 1 | Y81: =SUM(W81:X81) -> 1
C82: Jana Irby | N82: Jana Irby | O82: =SUM(START:END!Q47) -> 1 | W82: =SUM(D82:V82) -> 1 | Y82: =SUM(W82:X82) -> 1
C83: Deb Hill | N83: Deb Hill | Q83: =SUM(START:END!S48) -> 1 | W83: =SUM(D83:V83) -> 1 | Y83: =SUM(W83:X83) -> 1
C84: Renee Jackson | N84: Renee Jackson | Q84: =SUM(START:END!S49) -> 1 | W84: =SUM(D84:V84) -> 1 | Y84: =SUM(W84:X84) -> 1
C85: Ryan Scott | N85: Ryan Scott | Q85: =SUM(START:END!S50) -> 1 | W85: =SUM(D85:V85) -> 1 | Y85: =SUM(W85:X85) -> 1
C86: Sue Worcester | J86: =SUM(START:END!K51) -> 1 | K86: =SUM(START:END!L51) -> 1 | N86: Sue Worcester | S86: =SUM(START:END!U51) -> 1 | V86: =SUM(START:END!X51) -> 1 | W86: =SUM(S86:V86) -> 2 | Y86: =SUM(W86:X86) -> 2
C87: Esther Clark | N87: Esther Clark | S87: =SUM(START:END!U52) -> 1 | W87: =SUM(S87:V87) -> 1 | Y87: =SUM(W87:X87) -> 1
C88: Tessa Tremblay | N88: Tessa Tremblay | U88: =SUM(START:END!W53) -> 1 | W88: =SUM(D88:V88) -> 1 | Y88: =SUM(W88:X88) -> 1
C89: Tawny Ashbaugh | N89: Tawny Ashbaugh | U89: =SUM(START:END!W54) -> 1 | W89: =SUM(D89:V89) -> 1 | Y89: =SUM(W89:X89) -> 1
C90: Roy Voss | N90: Roy Voss | V90: =SUM(START:END!X55) -> 1 | W90: =SUM(D90:V90) -> 1 | Y90: =SUM(W90:X90) -> 1
C91: Barb Grecian | N91: Barb Grecian | R91: =SUM(START:END!T56) -> 1 | V91: =SUM(START:END!X56) -> 1 | W91: =SUM(D91:V91) -> 2 | Y91: =SUM(W91:X91) -> 2
C92: Kim Nutting | N92: Kim Nutting | V92: =SUM(START:END!X57) -> 3 | W92: =SUM(D92:V92) -> 3 | Y92: =SUM(W92:X92) -> 3
C93: Sue Rohleder | E93: =SUM(START:END!F58) -> 1 | N93: Sue Rohleder | W93: =SUM(D93:V93) -> 1 | Y93: =SUM(W93:X93) -> 1
C94: Dusti Bagley | I94: =SUM(START:END!J59) -> 1 | J94: =SUM(START:END!K59) -> 1 | N94: Dusti Bagley | W94: =SUM(D94:V94) -> 2 | Y94: =SUM(W94:X94) -> 2
C95: Dale Deighton | J95: =SUM(START:END!K60) -> 1 | N95: Dale Deighton | W95: =SUM(D95:V95) -> 1 | Y95: =SUM(W95:X95) -> 1
C96: Melissa Atkins | J96: =SUM(START:END!K61) -> 1 | N96: Melissa Atkins | W96: =SUM(D96:V96) -> 1 | Y96: =SUM(W96:X96) -> 1
O98: STATE OF KANSAS,
O99: Graham County, ss.
P100: We, the undersigned, members of the County Board of Canvassers for said County, do hereby
O101: certify that the foregoing abstract of votes cast at the General election held in Graham County on the 5th day of November A.D. 2024, is
O102: true and correct as shown by the returns of said election on file in the office of the County Election officer and canvassed by us
...
