Workbook

Sheet Results
E2: Secretary of State
E3: Brian "Bam" McClendon | F3: D | G3: =Lincoln!#REF! -> #REF!
E4: Scott Schwab | F4: R | G4: =Lincoln!#REF! -> #REF!
E5: Rob Hodgkinson | F5: L | G5: =Lincoln!#REF! -> #REF!
E11: Attorney General | I11: Commissioner of Insurance
E12: Sarah G. Swain | F12: D | G12: =Lincoln!#REF! -> #REF! | I12: Vicki Schmidt | J12: R | K12: =Lincoln!#REF! -> #REF!
A13: United State Representative | E13: Derek Schmidt | F13: R | G13: =Lincoln!#REF! -> #REF! | I13: Nathaniel McLaughlin | J13: D | K13: =Lincoln!#REF! -> #REF!
A14: Alan LaPolice | B14: D | C14: =Lincoln!$BS$9 -> 3
A15: Roger Marshall | B15: R | C15: =Lincoln!$BS$11 -> 163
E18: State Treasurer | I18: State Representative 107th District
E19: Jake LaTurner | F19: R | G19: =Lincoln!#REF! -> #REF! | I19: Bryan Bombardier | J19: L | K19: =Lincoln!#REF! -> #REF!
E20: Marci Francisco | F20: D | G20: =Lincoln!#REF! -> #REF! | I20: Susan L. Concannon | J20: R | K20: =Lincoln!#REF! -> #REF!
A21: Governor/Lt Governor
A22: Rick Kloos/Nathaniel Kloos | B22: I | C22: =Lincoln!BS13 -> 3 | I22: State Representative 109th District
A23: Kris Kobach/Wink Hartman | B23: R | C23: =Lincoln!BS14 -> 0 | I23: Troy L. Waymaster | J23: R | K23: =Lincoln!#REF! -> #REF!
A24: Greg Orman/John Doll | B24: I | C24: =Lincoln!#REF! -> #REF!
A25: Jeff Caldwell/Mary Gerlt | B25: L | C25: =Lincoln!BS15 -> 10
A26: Laura Kelly/Lynn Rogers | B26: D | C26: =Lincoln!BS16 -> 0
I27: County Commissioner 1st District
I28: Randy Lohman | J28: R | K28: =Lincoln!#REF! -> #REF!

Sheet Lincoln
A1: Abstract of Votes Cast at the Presidential Preferency Primary Election in Lincoln County, Kansas, on the 19th day of March, 2024.
A2: NAME OF OFFICE NAME OF CANDIDATE(S) | B2: POLITICAL PARTY | C2: Battle Creek | F2: Beaver | I2: Cedron | L2: Colorado | O2: Elkhorn | R2: Franklin | U2: Golden Belt | X2: Grant | AA2: Hanover | AD2: Highland | AG2: Indiana | AJ2: Lincoln Precinct I | AN2: Lincoln Precinct II | AR2: Logan | AU2: Madison | AX2: Marion | BA2: Orange | BD2: Pleasant | BG2: Salt Creek | BJ2: Scott | BM2: Valley | BP2: Vesper | BS2: Grand Total
C3: A | D3: R | E3: T | F3: A | G3: R | H3: T | I3: A | J3: R | K3: T | L3: A | M3: R | N3: T | O3: A | P3: R | Q3: T | R3: A | S3: R | T3: T | U3: A | V3: R | W3: T | X3: A | Y3: R | Z3: T | AA3: A | AB3: R | AC3: T | AD3: A | AE3: R | AF3: T | AG3: A | AH3: R | AI3: T | AJ3: A | AK3: R | AL3: P | AM3: T | AN3: A | AO3: R | AP3: P | AQ3: T | AR3: A | AS3: R | AT3: T | AU3: A | AV3: R | AW3: T | AX3: A | AY3: R | AZ3: T | BA3: A | BB3: R | BC3: T | BD3: A | BE3: R | BF3: T | BG3: A | BH3: R | BI3: T | BJ3: A | BK3: R | BL3: T | BM3: A | BN3: R | BO3: T | BP3: A | BQ3: R | BR3: T
A4: For President
A5: Marianne Williamson | B5: D | C5: 0 | D5: 0 | E5: =SUM(C5:D5) -> 0 | F5: 0 | G5: 0 | H5: =SUM(F5:G5) -> 0 | I5: 0 | J5: 0 | K5: =SUM(I5:J5) -> 0 | L5: 0 | M5: 0 | N5: =SUM(L5:M5) -> 0 | O5: 0 | P5: 0 | Q5: =SUM(O5:P5) -> 0 | R5: 0 | S5: 0 | T5: =SUM(R5:S5) -> 0 | U5: 0 | V5: 0 | W5: =SUM(U5:V5) -> 0 | X5: 0 | Y5: 0 | Z5: =SUM(X5:Y5) -> 0 | AA5: 0 | AB5: 0 | AC5: =SUM(AA5:AB5) -> 0 | AD5: 0 | AE5: 0 | AF5: =SUM(AD5:AE5) -> 0 | AG5: 0 | AH5: 0 | AI5: =SUM(AG5:AH5) -> 0 | AJ5: 0 | AK5: 0 | AM5: =SUM(AJ5:AL5) -> 0 | AN5: 0 | AO5: 0 | AQ5: =SUM(AN5:AP5) -> 0 | AR5: 0 | AS5: 0 | AT5: =SUM(AR5:AS5) -> 0 | AU5: 0 | AV5: 0 | AW5: =SUM(AU5:AV5) -> 0 | AX5: 0 | AY5: 0 | AZ5: =SUM(AX5:AY5) -> 0 | BA5: 0 | BB5: 0 | BC5: =SUM(BA5:BB5) -> 0 | BD5: 0 | BE5: 0 | BF5: =SUM(BD5:BE5) -> 0 | BG5: 0 | BH5: 0 | BI5: =SUM(BG5:BH5) -> 0 | BJ5: 0 | BK5: 0 | BL5: =SUM(BJ5:BK5) -> 0 | BM5: 0 | BN5: 0 | BO5: =SUM(BM5:BN5) -> 0 | BP5: 0 | BQ5: 0 | BR5: =SUM(BP5:BQ5) -> 0 | BS5: =SUM(E5,H5,K5,N5,Q5,T5,W5,Z5,AC5,AF5,AI5,AM5,AQ5,AT5,AW5,AZ5,BC5,BF5,BI5,BL5,BO5,BR5) -> 0
A6: Jason Michael Palmer | B6: D | C6: 0 | D6: 0 | E6: =SUM(C6:D6) -> 0 | F6: 0 | G6: 0 | H6: =SUM(F6:G6) -> 0 | I6: 0 | J6: 0 | K6: =SUM(I6:J6) -> 0 | L6: 0 | M6: 0 | N6: =SUM(L6:M6) -> 0 | O6: 0 | P6: 0 | Q6: =SUM(O6:P6) -> 0 | R6: 0 | S6: 0 | T6: =SUM(R6:S6) -> 0 | U6: 0 | V6: 0 | W6: =SUM(U6:V6) -> 0 | X6: 0 | Y6: 0 | Z6: =SUM(X6:Y6) -> 0 | AA6: 0 | AB6: 0 | AC6: =SUM(AA6:AB6) -> 0 | AD6: 0 | AE6: 0 | AF6: =SUM(AD6:AE6) -> 0 | AG6: 0 | AH6: 0 | AI6: =SUM(AG6:AH6) -> 0 | AJ6: 0 | AK6: 1 | AM6: =SUM(AJ6:AL6) -> 1 | AN6: 0 | AO6: 0 | AQ6: =SUM(AN6:AP6) -> 0 | AR6: 0 | AS6: 0 | AT6: =SUM(AR6:AS6) -> 0 | AU6: 0 | AV6: 0 | AW6: =SUM(AU6:AV6) -> 0 | AX6: 0 | AY6: 0 | AZ6: =SUM(AX6:AY6) -> 0 | BA6: 0 | BB6: 0 | BC6: =SUM(BA6:BB6) -> 0 | BD6: 0 | BE6: 0 | BF6: =SUM(BD6:BE6) -> 0 | BG6: 0 | BH6: 0 | BI6: =SUM(BG6:BH6) -> 0 | BJ6: 0 | BK6: 0 | BL6: =SUM(BJ6:BK6) -> 0 | BM6: 0 | BN6: 0 | BO6: =SUM(BM6:BN6) -> 0 | BP6: 0 | BQ6: 0 | BR6: =SUM(BP6:BQ6) -> 0 | BS6: =SUM(E6,H6,K6,N6,Q6,T6,W6,Z6,AC6,AF6,AI6,AM6,AQ6,AT6,AW6,AZ6,BC6,BF6,BI6,BL6,BO6,BR6) -> 1
A7: Dean Phillips | B7: D | C7: 0 | D7: 0 | E7: =SUM(C7:D7) -> 0 | F7: 0 | G7: 0 | H7: =SUM(F7:G7) -> 0 | I7: 0 | J7: 0 | K7: =SUM(I7:J7) -> 0 | L7: 0 | M7: 0 | N7: =SUM(L7:M7) -> 0 | O7: 0 | P7: 0 | Q7: =SUM(O7:P7) -> 0 | R7: 0 | S7: 0 | T7: =SUM(R7:S7) -> 0 | U7: 0 | V7: 0 | W7: =SUM(U7:V7) -> 0 | X7: 0 | Y7: 0 | Z7: =SUM(X7:Y7) -> 0 | AA7: 0 | AB7: 0 | AC7: =SUM(AA7:AB7) -> 0 | AD7: 0 | AE7: 0 | AF7: =SUM(AD7:AE7) -> 0 | AG7: 0 | AH7: 0 | AI7: =SUM(AG7:AH7) -> 0 | AJ7: 0 | AK7: 0 | AM7: =SUM(AJ7:AL7) -> 0 | AN7: 0 | AO7: 0 | AQ7: =SUM(AN7:AP7) -> 0 | AR7: 0 | AS7: 0 | AT7: =SUM(AR7:AS7) -> 0 | AU7: 0 | AV7: 0 | AW7: =SUM(AU7:AV7) -> 0 | AX7: 0 | AY7: 0 | AZ7: =SUM(AX7:AY7) -> 0 | BA7: 0 | BB7: 0 | BC7: =SUM(BA7:BB7) -> 0 | BD7: 0 | BE7: 0 | BF7: =SUM(BD7:BE7) -> 0 | BG7: 0 | BH7: 0 | BI7: =SUM(BG7:BH7) -> 0 | BJ7: 0 | BK7: 0 | BL7: =SUM(BJ7:BK7) -> 0 | BM7: 0 | BN7: 0 | BO7: =SUM(BM7:BN7) -> 0 | BP7: 0 | BQ7: 0 | BR7: =SUM(BP7:BQ7) -> 0 | BS7: =SUM(E7,H7,K7,N7,Q7,T7,W7,Z7,AC7,AF7,AI7,AM7,AQ7,AT7,AW7,AZ7,BC7,BF7,BI7,BL7,BO7,BR7) -> 0
A8: Joseph R Biden Jr | B8: D | C8: 0 | D8: 0 | E8: =SUM(C8:D8) -> 0 | F8: 0 | G8: 1 | H8: =SUM(F8:G8) -> 1 | I8: 0 | J8: 0 | K8: =SUM(I8:J8) -> 0 | L8: 0 | M8: 1 | N8: =SUM(L8:M8) -> 1 | O8: 1 | P8: 0 | Q8: =SUM(O8:P8) -> 1 | R8: 1 | S8: 0 | T8: =SUM(R8:S8) -> 1 | U8: 0 | V8: 0 | W8: =SUM(U8:V8) -> 0 | X8: 0 | Y8: 0 | Z8: =SUM(X8:Y8) -> 0 | AA8: 0 | AB8: 0 | AC8: =SUM(AA8:AB8) -> 0 | AD8: 1 | AE8: 1 | AF8: =SUM(AD8:AE8) -> 2 | AG8: 0 | AH8: 0 | AI8: =SUM(AG8:AH8) -> 0 | AJ8: 4 | AK8: 2 | AM8: =SUM(AJ8:AL8) -> 6 | AN8: 0 | AO8: 1 | AQ8: =SUM(AN8:AP8) -> 1 | AR8: 0 | AS8: 0 | AT8: =SUM(AR8:AS8) -> 0 | AU8: 0 | AV8: 0 | AW8: =SUM(AU8:AV8) -> 0 | AX8: 0 | AY8: 0 | AZ8: =SUM(AX8:AY8) -> 0 | BA8: 0 | BB8: 0 | BC8: =SUM(BA8:BB8) -> 0 | BD8: 0 | BE8: 3 | BF8: =SUM(BD8:BE8) -> 3 | BG8: 0 | BH8: 0 | BI8: =SUM(BG8:BH8) -> 0 | BJ8: 0 | BK8: 0 | BL8: =SUM(BJ8:BK8) -> 0 | BM8: 0 | BN8: 0 | BO8: =SUM(BM8:BN8) -> 0 | BP8: 0 | BQ8: 0 | BR8: =SUM(BP8:BQ8) -> 0 | BS8: =SUM(E8,H8,K8,N8,Q8,T8,W8,Z8,AC8,AF8,AI8,AM8,AQ8,AT8,AW8,AZ8,BC8,BF8,BI8,BL8,BO8,BR8) -> 16
A9: None of the names shown | B9: D | C9: 0 | D9: 0 | E9: =SUM(C9:D9) -> 0 | F9: 0 | G9: 0 | H9: =SUM(F9:G9) -> 0 | I9: 0 | J9: 0 | K9: =SUM(I9:J9) -> 0 | L9: 0 | M9: 0 | N9: =SUM(L9:M9) -> 0 | O9: 0 | P9: 0 | Q9: =SUM(O9:P9) -> 0 | R9: 0 | S9: 0 | T9: =SUM(R9:S9) -> 0 | U9: 0 | V9: 0 | W9: =SUM(U9:V9) -> 0 | X9: 0 | Y9: 0 | Z9: =SUM(X9:Y9) -> 0 | AA9: 0 | AB9: 0 | AC9: =SUM(AA9:AB9) -> 0 | AD9: 0 | AE9: 0 | AF9: =SUM(AD9:AE9) -> 0 | AG9: 0 | AH9: 0 | AI9: =SUM(AG9:AH9) -> 0 | AJ9: 2 | AK9: 0 | AM9: =SUM(AJ9:AL9) -> 2 | AN9: 0 | AO9: 0 | AQ9: =SUM(AN9:AP9) -> 0 | AR9: 0 | AS9: 0 | AT9: =SUM(AR9:AS9) -> 0 | AU9: 0 | AV9: 0 | AW9: =SUM(AU9:AV9) -> 0 | AX9: 0 | AY9: 0 | AZ9: =SUM(AX9:AY9) -> 0 | BA9: 0 | BB9: 0 | BC9: =SUM(BA9:BB9) -> 0 | BD9: 0 | BE9: 1 | BF9: =SUM(BD9:BE9) -> 1 | BG9: 0 | BH9: 0 | BI9: =SUM(BG9:BH9) -> 0 | BJ9: 0 | BK9: 0 | BL9: =SUM(BJ9:BK9) -> 0 | BM9: 0 | BN9: 0 | BO9: =SUM(BM9:BN9) -> 0 | BP9: 0 | BQ9: 0 | BR9: =SUM(BP9:BQ9) -> 0 | BS9: =SUM(E9,H9,K9,N9,Q9,T9,W9,Z9,AC9,AF9,AI9,AM9,AQ9,AT9,AW9,AZ9,BC9,BF9,BI9,BL9,BO9,BR9) -> 3
A11: Donald J Trump | B11: R | C11: 1 | D11: 0 | E11: =SUM(C11:D11) -> 1 | F11: 2 | G11: 5 | H11: =SUM(F11:G11) -> 7 | I11: 2 | J11: 2 | K11: =SUM(I11:J11) -> 4 | L11: 4 | M11: 6 | N11: =SUM(L11:M11) -> 10 | O11: 0 | P11: 5 | Q11: =SUM(O11:P11) -> 5 | R11: 1 | S11: 5 | T11: =SUM(R11:S11) -> 6 | U11: 1 | V11: 0 | W11: =SUM(U11:V11) -> 1 | X11: 0 | Y11: 0 | Z11: =SUM(X11:Y11) -> 0 | AA11: 0 | AB11: 2 | AC11: =SUM(AA11:AB11) -> 2 | AD11: 5 | AE11: 1 | AF11: =SUM(AD11:AE11) -> 6 | AG11: 0 | AH11: 2 | AI11: =SUM(AG11:AH11) -> 2 | AJ11: 13 | AK11: 15 | AL11: 1 | AM11: =SUM(AJ11:AL11) -> 29 | AN11: 11 | AO11: 25 | AQ11: =SUM(AN11:AP11) -> 36 | AR11: 2 | AS11: 4 | AT11: =SUM(AR11:AS11) -> 6 | AU11: 5 | AV11: 0 | AW11: =SUM(AU11:AV11) -> 5 | AX11: 0 | AY11: 4 | AZ11: =SUM(AX11:AY11) -> 4 | BA11: 5 | BB11: 3 | BC11: =SUM(BA11:BB11) -> 8 | BD11: 2 | BE11: 17 | BF11: =SUM(BD11:BE11) -> 19 | BG11: 0 | BH11: 1 | BI11: =SUM(BG11:BH11) -> 1 | BJ11: 1 | BK11: 2 | BL11: =SUM(BJ11:BK11) -> 3 | BM11: 1 | BN11: 2 | BO11: =SUM(BM11:BN11) -> 3 | BP11: 0 | BQ11: 5 | BR11: =SUM(BP11:BQ11) -> 5 | BS11: =SUM(E11,H11,K11,N11,Q11,T11,W11,Z11,AC11,AF11,AI11,AM11,AQ11,AT11,AW11,AZ11,BC11,BF11,BI11,BL11,BO11,BR11) -> 163
A12: Nikki R Haley | B12: R | C12: 0 | D12: 0 | E12: =SUM(C12:D12) -> 0 | F12: 0 | G12: 1 | H12: =SUM(F12:G12) -> 1 | I12: 0 | J12: 0 | K12: =SUM(I12:J12) -> 0 | L12: 0 | M12: 1 | N12: =SUM(L12:M12) -> 1 | O12: 0 | P12: 0 | Q12: =SUM(O12:P12) -> 0 | R12: 0 | S12: 2 | T12: =SUM(R12:S12) -> 2 | U12: 0 | V12: 1 | W12: =SUM(U12:V12) -> 1 | X12: 2 | Y12: 0 | Z12: =SUM(X12:Y12) -> 2 | AA12: 0 | AB12: 0 | AC12: =SUM(AA12:AB12) -> 0 | AD12: 0 | AE12: 1 | AF12: =SUM(AD12:AE12) -> 1 | AG12: 0 | AH12: 0 | AI12: =SUM(AG12:AH12) -> 0 | AJ12: 4 | AK12: 4 | AM12: =SUM(AJ12:AL12) -> 8 | AN12: 0 | AO12: 0 | AQ12: =SUM(AN12:AP12) -> 0 | AR12: 0 | AS12: 1 | AT12: =SUM(AR12:AS12) -> 1 | AU12: 0 | AV12: 0 | AW12: =SUM(AU12:AV12) -> 0 | AX12: 0 | AY12: 0 | AZ12: =SUM(AX12:AY12) -> 0 | BA12: 1 | BB12: 0 | BC12: =SUM(BA12:BB12) -> 1 | BD12: 0 | BE12: 2 | BF12: =SUM(BD12:BE12) -> 2 | BG12: 0 | BH12: 0 | BI12: =SUM(BG12:BH12) -> 0 | BJ12: 0 | BK12: 1 | BL12: =SUM(BJ12:BK12) -> 1 | BM12: 0 | BN12: 0 | BO12: =SUM(BM12:BN12) -> 0 | BP12: 0 | BQ12: 0 | BR12: =SUM(BP12:BQ12) -> 0 | BS12: =SUM(E12,H12,K12,N12,Q12,T12,W12,Z12,AC12,AF12,AI12,AM12,AQ12,AT12,AW12,AZ12,BC12,BF12,BI12,BL12,BO12,BR12) -> 21
A13: Ron DeSantis | B13: R | C13: 0 | D13: 0 | E13: =SUM(C13:D13) -> 0 | F13: 0 | G13: 1 | H13: =SUM(F13:G13) -> 1 | I13: 0 | J13: 0 | K13: =SUM(I13:J13) -> 0 | L13: 0 | M13: 0 | N13: =SUM(L13:M13) -> 0 | O13: 0 | P13: 0 | Q13: =SUM(O13:P13) -> 0 | R13: 0 | S13: 1 | T13: =SUM(R13:S13) -> 1 | U13: 0 | V13: 0 | W13: =SUM(U13:V13) -> 0 | X13: 0 | Y13: 0 | Z13: =SUM(X13:Y13) -> 0 | AA13: 0 | AB13: 0 | AC13: =SUM(AA13:AB13) -> 0 | AD13: 0 | AE13: 0 | AF13: =SUM(AD13:AE13) -> 0 | AG13: 0 | AH13: 0 | AI13: =SUM(AG13:AH13) -> 0 | AJ13: 0 | AK13: 0 | AM13: =SUM(AJ13:AL13) -> 0 | AN13: 0 | AO13: 1 | AQ13: =SUM(AN13:AP13) -> 1 | AR13: 0 | AS13: 0 | AT13: =SUM(AR13:AS13) -> 0 | AU13: 0 | AV13: 0 | AW13: =SUM(AU13:AV13) -> 0 | AX13: 0 | AY13: 0 | AZ13: =SUM(AX13:AY13) -> 0 | BA13: 0 | BB13: 0 | BC13: =SUM(BA13:BB13) -> 0 | BD13: 0 | BE13: 0 | BF13: =SUM(BD13:BE13) -> 0 | BG13: 0 | BH13: 0 | BI13: =SUM(BG13:BH13) -> 0 | BJ13: 0 | BK13: 0 | BL13: =SUM(BJ13:BK13) -> 0 | BM13: 0 | BN13: 0 | BO13: =SUM(BM13:BN13) -> 0 | BP13: 0 | BQ13: 0 | BR13: =SUM(BP13:BQ13) -> 0 | BS13: =SUM(E13,H13,K13,N13,Q13,T13,W13,Z13,AC13,AF13,AI13,AM13,AQ13,AT13,AW13,AZ13,BC13,BF13,BI13,BL13,BO13,BR13) -> 3
A14: Ryan L. Binkley | B14: R | C14: 0 | D14: 0 | E14: =SUM(C14:D14) -> 0 | F14: 0 | G14: 0 | H14: =SUM(F14:G14) -> 0 | I14: 0 | J14: 0 | K14: =SUM(I14:J14) -> 0 | L14: 0 | M14: 0 | N14: =SUM(L14:M14) -> 0 | O14: 0 | P14: 0 | Q14: =SUM(O14:P14) -> 0 | R14: 0 | S14: 0 | T14: =SUM(R14:S14) -> 0 | U14: 0 | V14: 0 | W14: =SUM(U14:V14) -> 0 | X14: 0 | Y14: 0 | Z14: =SUM(X14:Y14) -> 0 | AA14: 0 | AB14: 0 | AC14: =SUM(AA14:AB14) -> 0 | AD14: 0 | AE14: 0 | AF14: =SUM(AD14:AE14) -> 0 | AG14: 0 | AH14: 0 | AI14: =SUM(AG14:AH14) -> 0 | AJ14: 0 | AK14: 0 | AM14: =SUM(AJ14:AL14) -> 0 | AN14: 0 | AO14: 0 | AQ14: =SUM(AN14:AP14) -> 0 | AR14: 0 | AS14: 0 | AT14: =SUM(AR14:AS14) -> 0 | AU14: 0 | AV14: 0 | AW14: =SUM(AU14:AV14) -> 0 | AX14: 0 | AY14: 0 | AZ14: =SUM(AX14:AY14) -> 0 | BA14: 0 | BB14: 0 | BC14: =SUM(BA14:BB14) -> 0 | BD14: 0 | BE14: 0 | BF14: =SUM(BD14:BE14) -> 0 | BG14: 0 | BH14: 0 | BI14: =SUM(BG14:BH14) -> 0 | BJ14: 0 | BK14: 0 | BL14: =SUM(BJ14:BK14) -> 0 | BM14: 0 | BN14: 0 | BO14: =SUM(BM14:BN14) -> 0 | BP14: 0 | BQ14: 0 | BR14: =SUM(BP14:BQ14) -> 0 | BS14: =SUM(E14,H14,K14,N14,Q14,T14,W14,Z14,AC14,AF14,AI14,AM14,AQ14,AT14,AW14,AZ14,BC14,BF14,BI14,BL14,BO14,BR14) -> 0
A15: None of the names shown | B15: R | C15: 0 | D15: 0 | E15: =SUM(C15:D15) -> 0 | F15: 0 | G15: 0 | H15: =SUM(F15:G15) -> 0 | I15: 0 | J15: 0 | K15: =SUM(I15:J15) -> 0 | L15: 1 | M15: 0 | N15: =SUM(L15:M15) -> 1 | O15: 0 | P15: 1 | Q15: =SUM(O15:P15) -> 1 | R15: 0 | S15: 0 | T15: =SUM(R15:S15) -> 0 | U15: 0 | V15: 0 | W15: =SUM(U15:V15) -> 0 | X15: 1 | Y15: 0 | Z15: =SUM(X15:Y15) -> 1 | AA15: 0 | AB15: 0 | AC15: =SUM(AA15:AB15) -> 0 | AD15: 0 | AE15: 0 | AF15: =SUM(AD15:AE15) -> 0 | AG15: 0 | AH15: 3 | AI15: =SUM(AG15:AH15) -> 3 | AJ15: 0 | AK15: 2 | AM15: =SUM(AJ15:AL15) -> 2 | AN15: 0 | AO15: 1 | AQ15: =SUM(AN15:AP15) -> 1 | AR15: 0 | AS15: 0 | AT15: =SUM(AR15:AS15) -> 0 | AU15: 0 | AV15: 0 | AW15: =SUM(AU15:AV15) -> 0 | AX15: 0 | AY15: 0 | AZ15: =SUM(AX15:AY15) -> 0 | BA15: 0 | BB15: 0 | BC15: =SUM(BA15:BB15) -> 0 | BD15: 0 | BE15: 0 | BF15: =SUM(BD15:BE15) -> 0 | BG15: 1 | BH15: 0 | BI15: =SUM(BG15:BH15) -> 1 | BJ15: 0 | BK15: 0 | BL15: =SUM(BJ15:BK15) -> 0 | BM15: 0 | BN15: 0 | BO15: =SUM(BM15:BN15) -> 0 | BP15: 0 | BQ15: 0 | BR15: =SUM(BP15:BQ15) -> 0 | BS15: =SUM(E15,H15,K15,N15,Q15,T15,W15,Z15,AC15,AF15,AI15,AM15,AQ15,AT15,AW15,AZ15,BC15,BF15,BI15,BL15,BO15,BR15) -> 10
